Item Id,Cert Number,Stock Num,Shape,Carat,Color,Clarity,Cut,Polish,Sym,Fluor,Lab,Shade,Milky,Rap $/Ct,Rap Total,Rap %,$/Ct,Total Price,Aging,Rank,Count,My Stock,My Sales,My YTD Sales,Measurements,Ratio,Table,Depth,Key To Symbol,Cert Comments,BIC,BIS,WIS,WIC,OT,OC,OP,Crown Angle,Crown Height,Pav Angle,Pav Depth,Carat Range,Location,Broad Count,Turn,Overhang,Needs,Needs/Surplus,Grouped Needs
14900401,2516571392,41082-75,Round,2.75,D,VVS1,EX,EX,EX,None,GIA,None,None,27500,75625,-21,21725,59745,3,3,7,1,1,1,9.01 x 8.96 x 5.49,1.01,59,61.1,cloud,-,None,None,Light,None,None,None,None,33.5,13.5,41.2,43.5,2.70-2.99,India,32,0.8,543.9,-0.5,,1
14767824,2517510369,41102-4,Round,2.73,F,VS1,EX,EX,EX,None,GIA,None,None,17500,47775,-22,13650,37265,60,2,3,1,0,0,8.92 x 8.87 x 5.57,1.01,57,62.6,"crystal, cloud, needle","Additional clouds, pinpoints and surface graining are not shown.",None,V Light,Light,Light,None,None,None,36.5,16,40.8,43,2.70-2.99,India,146,0,59.9,-1,surplus,-1
14767827,2516492187,41101-2,Round,2.51,D,VVS2,EX,EX,EX,None,GIA,None,None,23500,58985,-26,17390,43650,60,2,6,1,0,0,8.67 x 8.62 x 5.42,1.01,56,62.6,cloud,Surface graining is not shown.,None,None,None,Light,None,None,None,35,15.5,41,43,2.50-2.69,India,58,0,59.9,-1,,0.5
14732441,1513456066,41082-22,Round,2.62,D,VS1,EX,EX,EX,None,GIA,None,None,20500,53710,-31,14145,37060,67,4,5,4,0,0,8.77 x 8.72 x 5.45,1.01,58,62.3,"crystal, pinpoint",Additional pinpoints are not shown. A cloud is not shown.,Light,None,V Light,None,None,None,None,36,15.5,40.6,43,2.50-2.69,India,82,0,96,-4,surplus,-4
14812734,6515552356,41103-11,Round,2.5,D,VS1,EX,EX,EX,None,GIA,None,None,20500,51250,-29,14555,36388,53,2,5,4,0,0,8.66 x 8.60 x 5.38,1.01,57,62.3,"crystal, pinpoint, needle",Additional pinpoints are not shown.,V Light,None,Light,Light,None,None,None,36,15.5,40.6,42.5,2.50-2.69,India,82,0,96,-4,surplus,-4
14767826,2516510449,41101-8,Round,2.65,D,VS1,EX,EX,EX,None,GIA,None,None,20500,54325,-29,14555,38571,60,5,5,4,0,0,8.79 x 8.73 x 5.50,1.01,59,62.7,"cloud, feather","Additional clouds, pinpoints and surface graining are not shown.",V Light,None,Light,Light,None,None,V Light,36,15,41,43.5,2.50-2.69,India,82,0,96,-4,surplus,-4
13925012,2504568281,31198-45,Round,2.5,D,VS1,EX,EX,EX,None,GIA,None,None,20500,51250,-29,14555,36388,202,2,5,4,0,0,8.65 x 8.62 x 5.41,1,57,62.6,"crystal, feather, needle",Pinpoints are not shown. Clouds are not shown.,None,None,Light,Light,None,None,None,35.5,15.5,41,43.5,2.50-2.69,India,82,0,96,-4,surplus,-4
14812730,7518542158,41101-14,Round,2.5,D,VS2,EX,EX,EX,None,GIA,None,None,17500,43750,-30,12250,30626,53,1,3,1,1,1,8.66 x 8.60 x 5.42,1.01,55,62.8,"crystal, knot, feather, cloud","Pinpoints, additional clouds and surface graining are not shown.",V Light,None,Light,Light,Light,None,None,36.5,16.5,40.6,42.5,2.50-2.69,India,118,2,205.3,0,,-4
13160953,5493753948,31139-138,Round,2.52,E,IF,EX,EX,EX,None,GIA,None,None,27000,68040,-34,17820,44907,308,1,1,1,0,0,8.78 x 8.72 x 5.40,1.01,59,61.7,,Surface graining is not shown. Minor details of polish are not shown.,None,None,None,None,None,None,None,32.5,13,41.8,44.5,2.50-2.69,India,37,0,308,-1,,0.5
14900308,1517607941,41101-27,Round,2.5,F,VS1,EX,EX,EX,None,GIA,None,None,17500,43750,-26,12950,32375,40,3,4,1,0,0,8.64 x 8.58 x 5.39,1.01,58,62.6,"crystal, feather, cloud, indented_natural, natural",Additional clouds are not shown. Pinpoints are not shown.,None,V Light,Light,Light,None,None,V Light,36,15.5,40.6,43,2.50-2.69,India,214,0,40,-1,surplus,-4
14767821,2517492384,41102-2,Round,2.5,G,VVS2,EX,EX,EX,None,GIA,None,None,16500,41250,-26,12210,30526,60,3,11,1,0,0,8.63 x 8.56 x 5.46,1.01,56,63.6,"needle, cloud, natural, extra_facet",Pinpoints are not shown.,V Light,None,None,Light,None,None,None,36.5,16.5,41,43.5,2.50-2.69,India,169,0,59.9,-1,surplus,-1
14608409,1513344156,41045-20,Round,2.5,G,VS1,EX,EX,EX,None,GIA,None,None,15000,37500,-23,11550,28875,84,3,7,1,0,0,8.64 x 8.58 x 5.39,1.01,59,62.6,"feather, cloud, pinpoint",Additional pinpoints are not shown.,None,None,Light,Light,None,None,None,36,15,41,43.5,2.50-2.69,India,291,0,83.9,-1,,0.5
14732442,2514465047,41082-31,Round,2.2,D,VVS1,EX,EX,EX,None,GIA,None,None,27500,60500,-39,16775,36906,67,1,7,1,0,0,8.30 x 8.24 x 5.17,1.01,58,62.5,"pinpoint, feather",-,None,None,Light,None,None,None,None,36,15,40.8,43,2.20-2.49,India,65,0,67.7,-1,,2
14732434,6512465058,41082-33,Round,2.2,D,VVS2,EX,EX,EX,None,GIA,None,None,23500,51700,-39,14335,31538,67,2,3,1,0,1,8.30 x 8.25 x 5.19,1.01,58,62.7,"cloud, pinpoint",-,None,None,V Light,Light,None,None,None,34.5,14.5,41.4,44,2.20-2.49,India,78,1,347.4,-0.5,,2
14732429,6512392346,41068-17,Round,2.2,D,VS1,EX,EX,EX,None,GIA,None,None,20500,45100,-37,12915,28414,67,2,2,1,0,0,8.30 x 8.25 x 5.17,1.01,56,62.5,"crystal, feather, pinpoint",Additional pinpoints are not shown.,V Light,V Light,Light,Light,None,None,None,35.5,15.5,40.6,43,2.20-2.49,India,92,1.8,204,-0.5,,2.5
14812737,7516510383,41082-59,Round,2.01,D,IF,EX,EX,EX,None,GIA,None,None,33000,66330,-39,20130,40461,53,3,6,2,0,0,8.05 x 8.00 x 5.03,1.01,59,62.7,,Minor details of polish are not shown.,None,None,None,None,None,None,None,35,14.5,41.4,44,2.00-2.19,India,73,0.8,788.7,-1.5,,8
14900392,6511591607,41082-85,Round,2.03,D,IF,EX,EX,EX,None,GIA,None,None,33000,66990,-39,20130,40864,3,4,6,2,0,0,8.11 x 8.05 x 5.05,1.01,58,62.5,,Minor details of polish are not shown.,None,None,None,None,None,None,None,34.5,14.5,41.6,44,2.00-2.19,India,73,0.8,788.7,-1.5,,8
15276352,7516854912,41139-18,Round,2.02,D,VVS2,EX,EX,EX,Strong,GIA,None,None,23500,47470,-56,10340,20887,3,2,14,1,0,0,8.11 x 8.08 x 5.06,1,56,62.4,"pinpoint, cloud",Internal graining is not shown.,None,None,None,Light,None,N/A,None,34,14.5,41.4,44,2.00-2.19,India,212,4.1,41.5,2,needs,8
14812726,2514521929,41099-24,Round,2,D,VS1,EX,EX,EX,None,GIA,None,None,20500,41000,-41,12095,24190,53,1,9,3,2,2,8.03 x 7.97 x 5.06,1.01,57,63.2,"crystal, indented_natural, cloud, pinpoint, natural, extra_facet",Additional clouds are not shown. Additional pinpoints are not shown.,None,None,Light,Light,None,None,None,36.5,16,41.2,43.5,2.00-2.19,India,202,2,271.9,-1,,12.5
14767817,2514465041,41082-27,Round,2.01,D,VS1,EX,EX,EX,None,GIA,None,None,20500,41205,-38,12710,25548,60,5,9,3,2,2,8.03 x 7.99 x 5.00,1.01,57,62.4,"crystal, feather, needle, pinpoint",Clouds are not shown.,Light,None,Light,Light,None,None,None,36,15.5,40.6,43,2.00-2.19,India,202,2,271.9,-1,,12.5
14812721,2517542127,41082-64,Round,2.02,D,VS2,EX,EX,EX,None,GIA,None,None,17500,35350,-42,10150,20504,53,5,16,1,2,3,8.17 x 8.13 x 4.92,1,59,60.4,"crystal, feather, needle",Pinpoints are not shown. Clouds are not shown.,Light,None,None,Light,V Light,None,None,33.5,13.5,40.8,43,2.00-2.19,India,333,3.2,55.2,2.5,needs,12.5
14812727,6515542121,41101-11,Round,2.01,E,VVS2,EX,EX,EX,None,GIA,None,None,21000,42210,-38,13020,26170,53,5,8,2,0,1,8.16 x 8.12 x 5.00,1,59,61.4,"needle, pinpoint",Additional pinpoints are not shown. Internal graining is not shown.,None,V Light,V Light,V Light,None,None,None,33,13.5,41.6,44.5,2.00-2.19,India,247,3.2,119.1,0.5,,8
14732420,6512392233,41052-29,Round,2.01,E,VS1,EX,EX,EX,None,GIA,None,None,19000,38190,-41,11210,22533,67,10,17,2,2,4,8.05 x 8.02 x 5.00,1,58,62.3,"feather, cloud, needle, pinpoint",Additional pinpoints are not shown.,V Light,None,Light,Light,None,None,None,36,15.5,40.6,42.5,2.00-2.19,India,388,2.5,119.3,1.5,needs,12.5
14608410,2514335347,41052-5,Round,2.06,E,VS1,EX,EX,EX,None,GIA,None,None,19000,39140,-42,11020,22702,84,11,17,2,2,4,8.11 x 8.15 x 5.06,1,59,62.2,"crystal, feather, needle, pinpoint",Additional pinpoints are not shown.,Light,None,Light,V Light,None,None,None,35,14.5,41.4,44,2.00-2.19,India,388,2.5,119.3,1.5,needs,12.5
14608402,2518324797,41052-3,Round,2.09,E,VS2,EX,EX,EX,None,GIA,None,None,16000,33440,-42,9280,19396,84,7,13,1,1,1,8.16 x 8.14 x 5.06,1,59,62.1,"cloud, feather, crystal, needle","Additional clouds, pinpoints and internal graining are not shown.",Light,None,Light,Light,None,None,None,35.5,15,41,43.5,2.00-2.19,India,660,2.6,49.5,3,needs,12.5
15084601,1513752047,41102-28,Round,2.18,F,VVS1,EX,EX,EX,None,GIA,None,None,22000,47960,-36,14080,30695,25,10,12,1,1,1,8.31 x 8.25 x 5.13,1.01,56,61.9,pinpoint,Additional pinpoints are not shown. Internal graining is not shown.,None,None,V Light,V Light,None,None,None,35,15.5,40.6,42.5,2.00-2.19,India,221,2,184.2,0,,8
14608411,7516366386,41045-30,Round,2.09,F,VVS2,EX,EX,EX,None,GIA,None,None,19500,40755,-39,11895,24861,84,10,14,1,3,4,8.19 x 8.15 x 5.08,1,59,62.2,"needle, pinpoint, cloud",-,V Light,None,V Light,Light,None,None,None,35,14.5,41.2,43.5,2.00-2.19,India,360,4,65.5,2.5,needs,8
14900280,6515615953,41119-21,Round,2.01,G,VS1,EX,EX,EX,Faint,GIA,Other,None,15000,30150,-48,7800,15678,40,1,11,1,1,1,8.03 x 7.99 x 5.02,1.01,57,62.7,"cloud, feather, needle, indented_natural, natural","Additional clouds, pinpoints and surface graining are not shown.",None,V Light,Light,Light,None,None,None,36,15.5,40.6,43,2.00-2.19,India,1000,3.4,30.1,4.5,needs,6.5
14767732,1515478579,41079-11,Round,2.05,G,VS2,EX,EX,EX,None,GIA,None,None,13500,27675,-40,8100,16606,60,7,17,2,0,0,8.15 x 8.12 x 5.02,1,56,61.8,"crystal, cloud, feather, needle",Additional clouds are not shown. Pinpoints are not shown.,Light,Light,Light,Light,None,None,None,35,15.5,40.6,43,2.00-2.19,India,1250,5.9,92.8,2,needs,6.5
14767730,5516465065,41079-7,Round,2.01,G,VS2,EX,EX,EX,None,GIA,None,None,13500,27135,-39,8235,16552,60,7,17,2,0,0,7.98 x 8.03 x 5.01,0.99,57,62.5,"feather, crystal, pinpoint",,Light,None,Light,Light,None,Light,None,36,15.5,40.6,42.5,2.00-2.19,India,1250,5.9,92.8,2,needs,6.5
14767818,1518478716,41082-35,Round,1.83,D,IF,EX,EX,EX,None,GIA,None,None,21000,38430,-33,14070,25749,60,1,7,1,0,0,7.78 x 7.75 x 4.86,1,58,62.5,,Minor details of polish are not shown.,None,None,None,None,None,None,None,36,15.5,40.8,43,1.80-1.99,India,35,0.9,534.6,-0.5,,2.5
14767721,2517484812,41101-1,Round,1.8,F,VS1,EX,EX,EX,Medium,GIA,None,None,11400,20520,-38,7068,12723,60,1,8,1,0,0,7.76 x 7.71 x 4.85,1.01,56,62.6,"cloud, needle",Pinpoints are not shown.,V Light,V Light,V Light,Light,None,None,None,36.5,16.5,40.6,42.5,1.80-1.99,India,493,0,59.9,-1,,0
12565099,1498154866,31084-41,Round,1.7,D,IF,EX,EX,EX,Faint,GIA,None,None,21000,35700,-53,9870,16779,371,1,4,1,0,0,7.65 x 7.59 x 4.77,1.01,59,62.5,,Minor details of polish are not shown.,None,None,None,None,None,None,None,33.5,13.5,41.8,44.5,1.70-1.79,India,29,0,370.9,-1,,2.5
12132384,6481685508,31044-58,Round,1.7,D,VVS1,EX,EX,EX,None,GIA,None,None,18700,31790,-42,10846,18439,427,2,12,1,2,2,7.66 x 7.62 x 4.69,1.01,62,61.3,pinpoint,-,None,None,V Light,None,None,None,None,33.5,12.5,41.6,44.5,1.70-1.79,India,54,1.9,89.4,1,needs,2.5
14812715,6515562264,41101-17,Round,1.7,E,VVS2,EX,EX,EX,None,GIA,None,None,14300,24310,-33,9581,16288,53,2,2,1,0,0,7.62 x 7.58 x 4.76,1.01,56,62.6,"pinpoint, cloud",Additional pinpoints are not shown.,V Light,None,None,Light,None,None,None,36.5,16.5,40.6,42.5,1.70-1.79,India,131,0,53.7,-1,,2.5
14900276,6233523875,41037-237,Round,1.76,E,VS1,EX,EX,EX,None,GIA,None,None,12200,21472,-32,8296,14601,40,3,6,2,1,1,7.71 x 7.66 x 4.79,1.01,58,62.4,"cloud, feather, pinpoint",Additional pinpoints are not shown.,V Light,None,Light,Light,None,None,None,36,15.5,40.8,43,1.70-1.79,India,199,0.8,666.8,-1.5,,1
14968391,7511622759,41102-20,Round,1.7,E,VS1,EX,EX,EX,Strong,GIA,None,None,12200,20740,-48,6344,10785,32,2,11,2,1,1,7.59 x 7.54 x 4.75,1.01,56,62.7,"crystal, feather, pinpoint, cloud, natural",Additional pinpoints are not shown. Surface graining is not shown.,V Light,V Light,Light,Light,None,None,V Light,35.5,16,40.6,42.5,1.70-1.79,India,250,0.8,666.8,-1.5,,1
12840683,6492388870,31098-184,Round,1.71,E,VS2,EX,EX,EX,None,GIA,None,None,11000,18810,-40,6600,11286,343,1,9,3,1,1,7.75 x 7.71 x 4.69,1.01,61,60.6,"crystal, cloud, needle",Additional clouds are not shown. Pinpoints are not shown.,Light,None,None,Light,None,None,None,33,12.5,41.6,44,1.70-1.79,India,352,0.6,1105.2,-2.5,,1
14968398,5516583258,41100-33,Round,1.71,E,VS2,EX,EX,EX,None,GIA,Brown,None,11000,18810,-39,6710,11474,32,2,10,3,1,1,7.65 x 7.60 x 4.78,1.01,57,62.7,"crystal, needle, pinpoint",Additional pinpoints are not shown. Surface graining is not shown.,V Light,V Light,Light,V Light,None,None,None,34.5,15,41.2,44,1.70-1.79,India,352,0.6,1105.2,-2.5,,1
14732271,7516384263,41052-13,Round,1.7,E,VS2,EX,EX,EX,None,GIA,None,None,11000,18700,-37,6930,11781,67,2,9,3,1,1,7.65 x 7.61 x 4.75,1.01,59,62.3,"feather, crystal, needle, pinpoint",Additional pinpoints are not shown.,Light,None,Light,Light,None,None,None,33.5,13.5,41.8,44.5,1.70-1.79,India,352,0.6,1105.2,-2.5,,1
14968395,1518583281,41104-17,Round,1.7,F,VVS2,EX,EX,EX,Strong,GIA,None,None,13200,22440,-50,6600,11221,32,1,9,1,2,3,7.81 x 7.77 x 4.62,1.01,62,59.3,pinpoint,"Additional pinpoints, clouds, internal graining and surface graining are not shown.",V Light,None,V Light,V Light,None,None,None,33,12,41.4,44,1.70-1.79,India,250,3.8,72.9,1,needs,2.5
14732283,6512433793,41053-76,Round,1.76,F,VS1,EX,EX,EX,None,GIA,None,None,11400,20064,-30,7980,14046,67,5,6,1,0,1,7.69 x 7.64 x 4.79,1.01,57,62.5,"cloud, crystal, feather",Additional clouds are not shown. Pinpoints are not shown.,Light,None,Light,Light,None,None,None,36,15.5,40.6,43,1.70-1.79,India,289,4,74.7,1.5,needs,1
15276353,2517857101,41137-204,Round,1.7,F,VS2,EX,EX,EX,None,GIA,None,None,10300,17510,-30,7210,12257,3,10,13,1,1,2,7.62 x 7.57 x 4.78,1.01,55,62.9,"cloud, feather, needle, indented_natural",Additional clouds are not shown. Pinpoints are not shown.,None,None,Light,Light,None,N/A,V Light,36.5,16.5,40.6,42.5,1.70-1.79,India,500,2.3,128.4,0.5,,1
14732261,1517408300,41053-62,Round,1.7,G,VS2,EX,EX,EX,None,GIA,None,None,8900,15130,-35,5785,9835,67,3,11,2,2,3,7.60 x 7.55 x 4.74,1.01,58,62.6,"crystal, cloud, feather",-,Light,None,Light,Light,None,Light,Light,36,15.5,40.8,43,1.70-1.79,India,745,3.4,119,1,needs,3
14459524,6515146382,41025-23,Round,1.7,G,VS2,EX,EX,EX,None,GIA,None,None,8900,15130,-34,5874,9986,111,4,11,2,2,3,7.60 x 7.55 x 4.78,1.01,57,63,"feather, cloud",Pinpoints are not shown.,V Light,None,Light,Light,None,None,None,36.5,16,41,43.5,1.70-1.79,India,745,3.4,119,1,needs,3
14767734,7512478720,41082-28,Round,1.61,D,VVS1,EX,EX,EX,None,GIA,None,None,18700,30107,-40,11220,18064,60,20,26,1,2,2,7.47 x 7.43 x 4.64,1.01,58,62.3,pinpoint,-,None,None,V Light,V Light,None,None,None,36,15.5,40.6,43,1.50-1.69,India,117,3.1,51.6,3,needs,17.5
14767726,6512478863,41082-32,Round,1.61,D,VVS2,EX,EX,EX,None,GIA,None,None,15400,24794,-40,9241,14877,60,20,21,2,0,2,7.50 x 7.46 x 4.59,1.01,59,61.4,"pinpoint, needle",Surface graining is not shown.,None,None,V Light,V Light,None,None,None,35,14.5,40.8,43,1.50-1.69,India,182,2.4,192.1,0,,17.5
14968399,7511583300,41104-16,Round,1.66,D,VVS2,EX,EX,EX,Medium,GIA,None,None,15400,25564,-54,7085,11760,32,8,32,2,0,2,7.67 x 7.62 x 4.62,1.01,58,60.5,"pinpoint, feather",Additional pinpoints are not shown.,None,None,Light,None,None,None,None,34,14,40.6,42.5,1.50-1.69,India,250,2.4,192.1,0,,17.5
14459534,6511155134,41025-26,Round,1.5,D,VS1,EX,EX,EX,None,GIA,None,None,13400,20100,-41,7906,11859,111,6,15,1,1,1,7.38 x 7.34 x 4.50,1.01,58,61.1,"crystal, needle, pinpoint, cloud",Additional pinpoints are not shown. Internal graining is not shown.,None,None,V Light,Light,None,None,None,33,13.5,41,43.5,1.50-1.69,India,250,2.8,126.7,0.5,,8.5
14968371,6511619501,41107-22,Round,1.5,D,VS2,EX,EX,EX,Faint,GIA,None,None,12000,18000,-50,6000,9000,32,3,23,3,0,1,7.28 x 7.22 x 4.59,1.01,58,63.4,"feather, crystal, needle, indented_natural, natural",Pinpoints are not shown.,Light,V Light,Light,Light,None,None,None,35,15,41.6,44.5,1.50-1.69,India,464,1.1,577.6,-2,,8.5
14812680,1517524309,41090-33,Round,1.58,D,VS2,EX,EX,EX,None,GIA,None,None,12000,18960,-41,7080,11187,53,16,23,3,0,1,7.44 x 7.39 x 4.59,1.01,59,61.9,"cloud, crystal, needle",Pinpoints are not shown.,None,Light,None,Medium,None,None,None,35.5,14.5,40.8,43,1.50-1.69,India,464,1.1,577.6,-2,,8.5
14968392,1513622773,41110-24,Round,1.54,D,VS2,EX,EX,EX,None,GIA,None,None,12000,18480,-42,6960,10719,32,10,23,3,0,1,7.38 x 7.34 x 4.56,1.01,58,62,"crystal, needle",Pinpoints are not shown. Surface graining is not shown.,Light,None,None,Light,None,None,None,35,15,40.8,43,1.50-1.69,India,464,1.1,577.6,-2,,8.5
14968550,1513524254,41101-10,Round,1.64,E,IF,EX,EX,EX,None,GIA,None,None,18800,30832,-38,11656,19116,32,2,4,1,1,2,7.56 x 7.51 x 4.67,1.01,59,62,,Minor details of polish are not shown.,None,None,None,None,None,None,None,33.5,13.5,41.6,44,1.50-1.69,India,76,3,128.8,0.5,,17.5
14900282,5513626080,41102-21,Round,1.5,E,VVS1,EX,EX,EX,None,GIA,None,None,17300,25950,-39,10553,15830,40,12,30,1,3,3,7.44 x 7.39 x 4.44,1.01,60,59.9,feather,-,None,None,Light,Light,None,None,None,32.5,13,40.8,43,1.50-1.69,India,212,4.1,75.1,1.5,needs,17.5
14968352,6511615086,41112-13,Round,1.6,E,VS2,EX,EX,EX,Medium,GIA,None,None,11000,17600,-55,4951,7921,32,6,29,4,0,1,7.45 x 7.40 x 4.65,1.01,58,62.6,"crystal, cloud, needle",Pinpoints are not shown.,Light,Light,Light,Light,None,Light,Light,36,15.5,40.8,43,1.50-1.69,India,1000,3.2,192.5,0,,8.5
14900279,6512611583,41099-60,Round,1.62,F,VVS1,EX,EX,EX,None,GIA,None,None,15300,24786,-37,9639,15616,40,24,26,1,1,1,7.50 x 7.45 x 4.67,1.01,59,62.5,pinpoint,-,None,None,V Light,None,None,None,None,35.5,14.5,41.2,43.5,1.50-1.69,India,317,3.7,74.5,2,needs,17.5
14968363,1515611595,41108-37,Round,1.61,F,VS1,EX,EX,EX,Medium,GIA,Brown,None,11400,18354,-53,5358,8627,32,6,23,1,1,2,7.46 x 7.41 x 4.66,1.01,57,62.7,"crystal, cloud, needle, pinpoint","Additional pinpoints, internal graining and surface graining are not shown.",V Light,Light,V Light,Light,None,None,None,35.5,15.5,40.8,43,1.50-1.69,India,1000,4.1,43.5,2.5,needs,8.5
15084415,2516571706,41108-34,Round,1.5,F,VS2,EX,EX,EX,None,GIA,None,None,10300,15450,-43,5871,8807,25,10,27,3,2,4,7.28 x 7.24 x 4.59,1.01,57,63.3,"crystal, feather, needle, knot, indented_natural, natural",Clouds are not shown. Pinpoints are not shown.,V Light,V Light,Light,Light,None,None,None,36.5,16,41,43.5,1.50-1.69,India,1250,4.1,85.2,3,needs,8.5
14968376,6511656322,41138-1,Round,1.5,F,VS2,EX,EX,EX,None,GIA,None,None,10300,15450,-39,6283,9425,32,20,27,3,2,4,7.33 x 7.28 x 4.52,1.01,59,61.8,"cloud, needle",Additional clouds are not shown. Pinpoints are not shown.,V Light,V Light,Light,Light,None,None,None,34.5,14,41,43.5,1.50-1.69,India,1445,4.1,85.2,3,needs,8.5
15276355,7518214112,41020-43,Round,1.52,G,VS2,EX,EX,EX,None,GIA,None,None,8900,13528,-41,5251,7982,3,21,44,2,1,4,7.39 x 7.34 x 4.51,1.01,59,61.2,"crystal, feather, needle, cloud",Pinpoints are not shown.,Light,V Light,Light,Light,None,N/A,None,34.5,14,40.8,43,1.50-1.69,India,1750,5.9,53.3,5,needs,10
15084411,7511728766,41129-88,Round,1.5,G,VS2,EX,EX,EX,None,GIA,Other,None,8900,13350,-43,5073,7610,25,10,45,2,1,4,7.31 x 7.27 x 4.54,1.01,60,62.3,"crystal, cloud, feather, needle, natural",Additional clouds are not shown. Pinpoints are not shown.,Light,V Light,Light,Light,None,None,None,34,13.5,41.6,44,1.50-1.69,India,1750,5.9,53.3,5,needs,10
14812679,5516567559,41094-12,Round,1.5,H,IF,EX,EX,EX,None,GIA,None,None,10800,16200,-44,6048,9072,53,3,21,1,0,0,7.32 x 7.28 x 4.54,1.01,57,62.2,,Minor details of polish are not shown.,None,None,None,None,None,None,None,36,15.5,40.6,42.5,1.50-1.69,India,206,0.9,443,-0.5,,1.5
14968362,1518602840,41109-37,Round,1.62,H,VVS1,EX,EX,EX,Faint,GIA,None,None,10000,16200,-47,5300,8586,32,12,33,3,3,3,7.48 x 7.43 x 4.67,1.01,59,62.6,"pinpoint, feather",Additional pinpoints are not shown. Surface graining is not shown.,None,None,Light,V Light,None,None,None,36,15,41,43.5,1.50-1.69,India,701,1.3,348.7,-1.5,,1.5
14968199,2517721188,41137-66,Round,1.51,H,VVS1,EX,EX,EX,Medium,GIA,None,None,10000,15100,-54,4600,6947,32,1,39,3,3,3,7.33 x 7.28 x 4.56,1.01,56,62.5,pinpoint,-,None,None,V Light,None,None,None,None,35.5,15.5,40.6,43,1.50-1.69,India,500,1.3,348.7,-1.5,,1.5
14968184,1518562391,41108-21,Round,1.6,H,VS2,EX,EX,EX,Faint,GIA,None,None,7400,11840,-47,3922,6275,32,14,34,2,3,4,7.46 x 7.41 x 4.67,1.01,57,62.8,"cloud, crystal, feather, needle",Pinpoints are not shown. Surface graining is not shown.,V Light,V Light,Light,Light,None,None,None,35.5,15.5,41,43.5,1.50-1.69,India,1750,4.8,17.4,17.5,needs,24
15276354,1515268021,41037-103,Round,1.53,H,VS2,EX,EX,EX,None,GIA,None,None,7400,11322,-40,4441,6794,3,27,34,2,3,4,7.35 x 7.30 x 4.59,1.01,59,62.7,"crystal, cloud, pinpoint",Additional pinpoints are not shown.,V Light,None,None,Light,None,N/A,None,35,14.5,41.4,44,1.50-1.69,India,2000,4.8,17.4,17.5,needs,24
14968197,1515625938,41127-9,Round,1.3,E,VS1,EX,EX,EX,None,GIA,None,None,7900,10270,-35,5136,6676,32,2,11,3,0,0,6.98 x 6.93 x 4.36,1.01,59,62.7,"needle, crystal, feather, cloud",Pinpoints are not shown.,Light,V Light,Light,None,None,None,None,34.5,14,41.6,44.5,1.30-1.39,India,82,0,147,-3,,4
12759771,5493336679,31098-169,Round,1.31,E,VS1,EX,EX,EX,None,GIA,None,None,7900,10349,-37,4978,6521,349,1,11,3,0,0,7.00 x 6.95 x 4.37,1.01,59,62.7,"cloud, needle, crystal",Additional clouds are not shown. Pinpoints are not shown.,V Light,None,Light,Light,None,None,None,35,14.5,41.6,44.5,1.30-1.39,India,82,0,147,-3,,4
14767656,1519485410,41082-42,Round,1.3,E,VS1,EX,EX,EX,Strong,GIA,None,None,7900,10270,-48,4108,5341,60,3,24,3,0,0,6.99 x 6.94 x 4.35,1.01,58,62.5,"crystal, feather, cloud, pinpoint",Surface graining is not shown.,V Light,V Light,Light,Light,None,None,None,36,15.5,41.2,43.5,1.30-1.39,India,132,0,147,-3,,4
14900044,6512610999,41108-40,Round,1.3,E,VS2,EX,EX,EX,None,GIA,None,None,6600,8580,-33,4423,5750,40,2,4,1,1,1,6.95 x 6.90 x 4.34,1.01,58,62.7,"crystal, feather",Pinpoints are not shown.,V Light,V Light,Light,Light,None,Light,Light,36,15.5,40.8,43,1.30-1.39,India,111,1.9,125.7,0.5,,4
15084417,6512769377,41137-121,Round,1.3,F,VVS1,EX,EX,EX,None,GIA,None,None,9700,12610,-26,7178,9332,25,12,19,1,0,2,7.08 x 7.04 x 4.32,1.01,56,61.2,"pinpoint, feather",-,None,None,Light,V Light,None,None,None,36,16,40.6,43,1.30-1.39,India,64,1.7,104.6,1,needs,11.5
14900039,6512601690,41111-23,Round,1.3,F,VS1,EX,EX,EX,Faint,GIA,Other,None,7200,9360,-40,4321,5617,40,2,16,1,1,1,6.97 x 6.93 x 4.38,1.01,57,63.1,"cloud, needle, indented_natural","Additional clouds, internal graining and surface graining are not shown.",None,None,Light,Light,None,None,None,34,14.5,41.8,44.5,1.30-1.39,India,153,2.5,116.3,0.5,,4
14900029,6511601658,41124-22,Round,1.3,F,VS2,EX,EX,EX,None,GIA,None,None,6000,7800,-31,4140,5382,40,1,7,1,0,1,7.02 x 6.97 x 4.31,1.01,59,61.6,"cloud, feather",Additional clouds are not shown. Pinpoints are not shown.,V Light,None,Light,Light,None,None,None,33.5,13.5,41.4,44,1.30-1.39,India,174,6.4,55.7,1.5,needs,4
14812667,1518542830,41094-5,Round,1.3,G,VVS2,EX,EX,EX,None,GIA,None,None,7000,9100,-32,4760,6188,53,1,3,1,1,2,7.03 x 6.99 x 4.32,1.01,59,61.7,"cloud, feather, knot",Additional clouds are not shown. Pinpoints are not shown.,None,None,Light,Light,Light,None,None,32,13,41.8,44.5,1.30-1.39,India,110,3,125,0.5,,3
15084084,6511757134,41147-4,Round,1.3,G,VS2,EX,EX,EX,None,GIA,None,None,5400,7020,-33,3618,4704,25,7,21,5,2,5,6.94 x 6.89 x 4.39,1.01,55,63.4,"crystal, feather, needle",Clouds are not shown. Pinpoints are not shown.,Light,None,Light,Light,None,None,None,36.5,17,40.6,43,1.30-1.39,India,218,2.2,148.1,1,needs,3
15177974,2517645130,41122-12,Round,1.3,G,VS2,EX,EX,EX,Medium,GIA,None,None,5400,7020,-44,3024,3932,13,1,22,5,2,5,7.00 x 6.95 x 4.36,1.01,58,62.5,"crystal, feather, cloud","Pinpoints, additional clouds and internal graining are not shown.",Light,Light,Light,Light,None,None,None,34.5,14.5,41.8,44.5,1.30-1.39,India,250,2.2,148.1,1,needs,3
13272454,5493827900,U-1783,Round,1.31,G,VS2,EX,EX,EX,None,GIA,None,None,5400,7074,-34,3564,4669,294,6,21,5,2,5,6.99 x 6.94 x 4.34,1.01,58,62.4,"crystal, cloud","Additional clouds, pinpoints and surface graining are not shown.",Light,V Light,Light,Light,None,None,None,36,15.5,40.8,43,1.30-1.39,India,218,2.2,148.1,1,needs,3
15276356,6511838968,41154-3,Round,1.3,G,VS2,EX,EX,EX,None,GIA,None,None,5400,7020,-32,3673,4774,3,10,21,5,2,5,6.96 x 6.93 x 4.31,1,57,62.1,"crystal, cloud, pinpoint",Additional pinpoints are not shown.,Light,None,None,Light,None,N/A,None,35,15,40.6,43,1.30-1.39,India,218,2.2,148.1,1,needs,3
14900004,7513610995,41128-18,Round,1.31,G,VS2,EX,EX,EX,None,GIA,None,None,5400,7074,-36,3456,4528,40,2,21,5,2,5,7.01 x 6.99 x 4.34,1,59,62.1,"crystal, feather, needle","Clouds, pinpoints and surface graining are not shown.",Light,Light,Light,Light,None,None,None,35,14.5,41.2,43.5,1.30-1.39,India,218,2.2,148.1,1,needs,3
13074187,6491602728,31130-144,Round,1.3,H,VS2,EX,EX,EX,None,GIA,None,Light,4800,6240,-43,2736,3557,315,2,24,1,1,8,6.98 x 6.93 x 4.35,1.01,58,62.5,"crystal, needle",Clouds are not shown. Pinpoints are not shown.,None,Light,Light,Light,None,None,None,36,15.5,41,43.5,1.30-1.39,India,250,2.4,19.5,6,needs,11
14577710,7511309762,41046-12,Round,1.2,D,VS1,EX,EX,EX,None,GIA,None,None,8700,10440,-40,5220,6264,90,10,18,8,2,5,6.79 x 6.76 x 4.20,1,58,61.9,"crystal, feather, pinpoint",-,Light,None,Light,V Light,None,None,None,35.5,15,40.6,43,1.20-1.29,India,56,1.6,316.2,-3.5,,5
14968191,7518485641,41084-15,Round,1.21,D,VS1,EX,EX,EX,None,GIA,None,None,8700,10527,-38,5394,6527,32,14,18,8,2,5,6.81 x 6.78 x 4.22,1,58,62.1,"cloud, needle",Additional clouds are not shown. Pinpoints are not shown.,V Light,None,None,Light,None,None,None,35.5,15,40.8,43,1.20-1.29,India,56,1.6,316.2,-3.5,,5
14767667,1515485697,41081-63,Round,1.2,D,VS1,EX,EX,EX,None,GIA,None,None,8700,10440,-40,5220,6264,60,10,18,8,2,5,6.79 x 6.75 x 4.22,1.01,57,62.3,"crystal, feather, needle, cloud",Additional clouds are not shown. Pinpoints are not shown.,Light,Light,Light,Light,Light,None,None,35.5,15.5,40.8,43,1.20-1.29,India,56,1.6,316.2,-3.5,,5
14541693,2516242478,41037-75,Round,1.2,D,VS1,EX,EX,EX,None,GIA,None,None,8700,10440,-42,5046,6055,97,4,18,8,2,5,6.74 x 6.70 x 4.27,1.01,56,63.5,"crystal, feather, needle, indented_natural, natural",Pinpoints are not shown.,Light,None,Light,Light,None,None,None,36.5,16.5,41,43.5,1.20-1.29,India,56,1.6,316.2,-3.5,,5
14900032,1519626033,41122-9,Round,1.22,D,VS1,EX,EX,EX,Faint,GIA,None,None,8700,10614,-49,4438,5414,40,2,23,8,2,5,6.86 x 6.81 x 4.23,1.01,58,61.8,"crystal, pinpoint",Additional pinpoints are not shown. Surface graining is not shown.,V Light,None,V Light,Light,None,None,None,34,14,41,43.5,1.20-1.29,India,79,1.6,316.2,-3.5,,5
15084403,2514722540,41137-55,Round,1.25,D,VS1,EX,EX,EX,None,GIA,None,None,8700,10875,-36,5568,6960,25,17,18,8,2,5,6.89 x 6.86 x 4.27,1,58,62.2,"cloud, feather, needle",Additional clouds are not shown. Pinpoints are not shown.,Light,None,Light,Light,None,None,None,35.5,15,40.8,43,1.20-1.29,India,56,1.6,316.2,-3.5,,5
12509910,3475900041,22034-48,Round,1.2,D,VS1,EX,EX,EX,None,GIA,None,None,8700,10440,-42,5046,6055,378,4,18,8,2,5,6.81 x 6.79 x 4.25,1,56,62.6,"crystal, needle, pinpoint, indented_natural, natural","Additional pinpoints, clouds and surface graining are not shown.",V Light,V Light,Light,None,None,None,None,33.5,14.5,41.4,44,1.20-1.29,India,56,1.6,316.2,-3.5,,5
12438882,1498004024,31068-119,Round,1.2,D,VS1,EX,EX,EX,None,GIA,None,None,8700,10440,-43,4960,5951,385,1,18,8,2,5,6.83 x 6.78 x 4.23,1.01,58,62.2,"crystal, cloud, needle",Additional clouds are not shown. Pinpoints are not shown.,Light,None,None,Light,None,None,None,35,14.5,41.4,44,1.20-1.29,India,56,1.6,316.2,-3.5,,5
15276357,2517773650,41137-149,Round,1.2,E,VS1,EX,EX,EX,None,GIA,None,None,7900,9480,-38,4899,5878,3,8,17,3,0,0,6.91 x 6.87 x 4.10,1.01,62,59.5,"crystal, feather, needle",Pinpoints are not shown. Surface graining is not shown.,Light,Light,Light,V Light,None,N/A,V Light,33,12.5,41,43.5,1.20-1.29,India,108,1.6,340.4,-1.5,,5
14732043,7518401879,41062-19,Round,1.25,E,VS1,EX,EX,EX,None,GIA,None,None,7900,9875,-41,4661,5827,67,5,17,3,0,0,6.92 x 6.89 x 4.29,1,59,62.1,"feather, cloud, needle, pinpoint",Additional clouds are not shown. Additional pinpoints are not shown.,Light,None,Light,Light,None,None,V Light,32.5,13,41.8,44.5,1.20-1.29,India,108,1.6,340.4,-1.5,,5
14732035,2514262982,41041-6,Round,1.2,E,VS1,EX,EX,EX,None,GIA,None,None,7900,9480,-43,4504,5405,67,2,17,3,0,0,6.72 x 6.76 x 4.28,0.99,56,63.5,"cavity, cloud, needle, pinpoint, indented_natural, natural, extra_facet",Additional pinpoints are not shown.,V Light,None,Light,V Light,None,None,None,36.5,16.5,41,43.5,1.20-1.29,India,108,1.6,340.4,-1.5,,5
12438761,7498010323,31074-65,Round,1.25,E,VS2,EX,EX,EX,None,GIA,None,None,6600,8250,-42,3828,4785,385,8,21,2,2,2,6.89 x 6.86 x 4.30,1,57,62.5,"crystal, cloud, needle",Additional clouds are not shown. Pinpoints are not shown.,Light,V Light,Light,Light,None,None,None,35,15,41.2,43.5,1.20-1.29,India,183,3.9,90.3,1,needs,5
14368670,6512011319,41012-37,Round,1.21,E,VS2,EX,EX,EX,None,GIA,None,None,6600,7986,-42,3829,4633,125,5,21,2,2,2,6.79 x 6.76 x 4.24,1,57,62.6,"crystal, cloud, needle",Pinpoints are not shown.,Light,None,None,Light,None,None,None,35.5,15.5,40.8,43,1.20-1.29,India,183,3.9,90.3,1,needs,5
14900034,7518619466,41112-16,Round,1.2,F,VVS1,EX,EX,EX,Strong,GIA,None,None,9700,11640,-53,4559,5471,40,1,31,1,1,3,6.75 x 6.70 x 4.21,1.01,57,62.6,"pinpoint, feather, natural",-,None,None,Light,V Light,None,None,None,36,15.5,40.6,42.5,1.20-1.29,India,134,2.7,32.7,3,needs,19
14812666,6511571926,41124-9,Round,1.22,F,VVS2,EX,EX,EX,None,GIA,None,None,8400,10248,-38,5209,6354,53,3,14,1,1,2,6.82 x 6.78 x 4.27,1.01,58,62.7,"cloud, crystal, needle",Additional clouds are not shown. Pinpoints are not shown.,V Light,V Light,Light,Light,None,None,None,35,14.5,41.4,44,1.20-1.29,India,106,2.6,67.7,1.5,needs,19
14900007,1513453195,41081-23,Round,1.2,F,VS2,EX,EX,EX,None,GIA,None,None,6000,7200,-36,3841,4609,40,11,34,1,2,3,6.81 x 6.77 x 4.22,1.01,58,62.2,"crystal, cloud, feather, needle, natural","Additional clouds, pinpoints and surface graining are not shown.",Light,None,Light,Light,None,None,V Light,35,15,41,43.5,1.20-1.29,India,250,5,58.3,2,needs,5
14967990,2518715499,41137-22,Round,1.2,G,VVS1,EX,EX,EX,Strong,GIA,None,None,7700,9240,-55,3465,4158,32,2,24,1,1,3,6.80 x 6.76 x 4.26,1.01,58,62.8,"cloud, feather",-,None,None,Light,None,None,None,None,34.5,14,41.8,44.5,1.20-1.29,India,167,3.6,52.2,1.5,needs,6.5
14767413,2517485606,41090-18,Round,1.2,G,VS1,EX,EX,EX,Faint,GIA,None,None,6200,7440,-49,3163,3795,60,1,34,1,5,9,6.84 x 6.80 x 4.23,1.01,59,61.9,"crystal, feather, needle, pinpoint",Additional pinpoints are not shown.,Light,None,None,Light,None,None,None,33.5,13.5,41.8,44.5,1.20-1.29,India,250,3.3,28.7,4.5,needs,12.5
15083627,6515787496,41128-67,Round,1.23,H,VVS1,EX,EX,EX,Faint,GIA,Brown,None,5800,7134,-48,3016,3710,25,2,23,1,1,1,6.90 x 6.86 x 4.23,1.01,56,61.5,"pinpoint, feather",Internal graining is not shown. Surface graining is not shown.,None,V Light,None,Light,None,None,None,34.5,15,40.6,43,1.20-1.29,India,153,1.2,285.2,-0.5,,8
15083628,6515787497,41139-7,Round,1.2,H,VS1,EX,EX,EX,None,GIA,None,None,5200,6240,-40,3120,3745,25,18,44,8,5,6,6.78 x 6.75 x 4.23,1,58,62.5,"feather, cloud",-,None,None,Light,Light,None,None,None,35.5,15,41.2,43.5,1.20-1.29,India,326,1.2,191.6,-1,,4.5
12894961,1495359344,31100-137,Round,1.23,H,VS1,EX,EX,EX,None,GIA,None,None,5200,6396,-43,2965,3647,336,7,44,8,5,6,6.96 x 6.91 x 4.16,1.01,59,60,"cloud, crystal, feather, needle",Pinpoints are not shown. Surface graining is not shown.,None,V Light,Light,Light,V Light,None,None,34,13.5,40.6,42.5,1.20-1.29,India,250,1.2,191.6,-1,,4.5
13160547,3495721053,31140-136,Round,1.2,H,VS1,EX,EX,EX,None,GIA,None,None,5200,6240,-45,2861,3433,308,2,44,8,5,6,6.78 x 6.74 x 4.22,1.01,58,62.5,"crystal, indented_natural, needle","Clouds, pinpoints and surface graining are not shown.",Light,V Light,Light,Light,None,None,None,36,15.5,40.8,43,1.20-1.29,India,250,1.2,191.6,-1,,4.5
13216660,6491799372,31143-52,Round,1.23,H,VS1,EX,EX,EX,None,GIA,None,None,5200,6396,-43,2965,3647,301,7,44,8,5,6,6.84 x 6.80 x 4.26,1.01,57,62.4,"crystal, cloud, needle","Additional clouds, pinpoints and surface graining are not shown.",None,V Light,Light,Light,None,None,None,35.5,15.5,40.8,43,1.20-1.29,India,250,1.2,191.6,-1,,4.5
12438879,1488909799,31068-24,Round,1.2,H,VS1,EX,EX,EX,None,GIA,None,None,5200,6240,-45,2861,3433,385,3,44,8,5,6,6.81 x 6.77 x 4.18,1.01,59,61.6,"crystal, feather, indented_natural, cloud, pinpoint",Additional pinpoints are not shown. Surface graining is not shown.,V Light,None,Light,Light,None,None,None,34.5,14,41,43.5,1.20-1.29,India,250,1.2,191.6,-1,,4.5
12313502,1488837865,31068-5,Round,1.2,H,VS1,EX,EX,EX,None,GIA,None,None,5200,6240,-45,2861,3433,404,2,44,8,5,6,6.79 x 6.74 x 4.22,1.01,59,62.4,"crystal, cloud, pinpoint",Additional clouds are not shown. Additional pinpoints are not shown.,Light,V Light,Light,Light,None,None,V Light,35.5,14.5,41.2,43.5,1.20-1.29,India,250,1.2,191.6,-1,,4.5
13160553,1495740667,31143-9,Round,1.21,H,VS1,EX,EX,EX,None,GIA,None,None,5200,6292,-42,3016,3650,308,12,44,8,5,6,6.84 x 6.82 x 4.21,1,59,61.6,"cloud, needle","Additional clouds, pinpoints and surface graining are not shown.",V Light,V Light,Light,Light,None,None,None,34.5,14,41.2,43.5,1.20-1.29,India,250,1.2,191.6,-1,,4.5
13074195,5496669963,31140-23,Round,1.21,H,VS1,EX,EX,EX,None,GIA,None,None,5200,6292,-42,3016,3650,315,12,44,8,5,6,6.80 x 6.75 x 4.23,1.01,58,62.5,"cloud, crystal, needle",Additional clouds are not shown. Pinpoints are not shown.,None,V Light,Light,Light,None,None,None,36,15.5,40.8,43,1.20-1.29,India,250,1.2,191.6,-1,,4.5
12840573,7493260209,U-1784,Round,1.29,H,VS2,EX,EX,EX,None,GIA,None,None,4800,6192,-39,2928,3777,343,58,67,6,10,14,6.96 x 6.91 x 4.35,1.01,58,62.7,"cloud, feather, needle",Additional clouds are not shown. Surface graining is not shown.,None,None,Light,Light,None,None,None,34,14,41.6,44.5,1.20-1.29,India,596,1.7,86.5,5.5,needs,4.5
14148927,6501754247,31214-31,Round,1.2,H,VS2,EX,EX,EX,None,GIA,None,None,4800,5760,-47,2545,3053,168,3,67,6,10,14,6.77 x 6.73 x 4.26,1.01,55,63.2,"crystal, needle, indented_natural, natural",Pinpoints are not shown.,Light,Light,Light,Light,None,Light,Light,36.5,17,40.6,42.5,1.20-1.29,India,500,1.7,86.5,5.5,needs,4.5
14148940,6505755189,U-1785,Round,1.27,H,VS2,EX,EX,EX,None,GIA,None,None,4800,6096,-40,2881,3658,168,54,67,6,10,14,6.88 x 6.85 x 4.30,1,57,62.7,"feather, crystal, needle",Clouds are not shown. Pinpoints are not shown.,Light,Light,Light,V Light,None,None,None,36,15.5,40.6,43,1.20-1.29,India,500,1.7,86.5,5.5,needs,4.5
12699074,7491274003,31092-167,Round,1.26,H,VS2,EX,EX,EX,None,GIA,None,Light,4800,6048,-45,2640,3327,357,18,70,6,10,14,6.92 x 6.87 x 4.31,1.01,57,62.5,"feather, crystal, needle",Clouds are not shown. Surface graining is not shown.,V Light,None,Light,Light,None,None,None,35.5,15.5,41.2,43.5,1.20-1.29,India,500,1.7,86.5,5.5,needs,4.5
12438880,7492009589,31069-89,Round,1.2,H,VS2,EX,EX,EX,None,GIA,None,None,4800,5760,-44,2688,3226,385,5,67,6,10,14,6.80 x 6.75 x 4.23,1.01,58,62.5,"cloud, crystal, feather, needle",Additional clouds are not shown. Pinpoints are not shown.,V Light,None,Light,Light,None,None,None,35,15,41.2,43.5,1.20-1.29,India,500,1.7,86.5,5.5,needs,4.5
12840562,6495391547,31117-19,Round,1.23,H,VS2,EX,EX,EX,None,GIA,None,Light,4800,5904,-45,2640,3248,343,7,70,6,10,14,6.82 x 6.78 x 4.26,1.01,58,62.7,"cloud, feather, crystal, needle",Additional clouds are not shown.,None,V Light,Light,Light,None,None,None,35.5,15,41,43.5,1.20-1.29,India,500,1.7,86.5,5.5,needs,4.5
14968364,1513722362,41137-69,Round,1.15,D,VVS1,EX,EX,EX,None,GIA,None,None,12800,14720,-41,7552,8685,32,4,11,3,0,0,6.78 x 6.75 x 4.12,1,59,60.9,"pinpoint, feather",Additional pinpoints are not shown.,None,None,Light,V Light,None,None,None,33,13.5,41.2,44,1.10-1.19,India,28,1,713.3,-2,surplus,-0.5
15178300,3515832468,41137-194,Round,1.15,D,VVS1,EX,EX,EX,None,GIA,None,None,12800,14720,-40,7681,8833,13,8,11,3,0,0,6.62 x 6.67 x 4.15,0.99,58,62.5,"pinpoint, feather",,None,None,Light,None,None,None,None,36,15.5,40.8,43,1.10-1.19,India,28,1,713.3,-2,surplus,-0.5
14812678,6512530819,41079-23,Round,1.15,D,VVS1,EX,EX,EX,None,GIA,None,None,12800,14720,-42,7424,8538,53,2,11,3,0,0,6.69 x 6.65 x 4.17,1.01,56,62.5,"pinpoint, cloud",Surface graining is not shown.,None,None,Light,V Light,None,None,None,36,16,40.6,42.5,1.10-1.19,India,28,1,713.3,-2,surplus,-0.5
14900009,6515625783,41128-30,Round,1.13,D,VVS2,EX,EX,EX,Strong,GIA,None,None,10200,11526,-60,4080,4611,40,4,17,1,0,1,6.64 x 6.59 x 4.15,1.01,57,62.6,pinpoint,Additional pinpoints are not shown.,None,None,V Light,V Light,None,None,None,36,15.5,40.6,43,1.10-1.19,India,59,1.1,249.7,-0.5,surplus,-0.5
12894971,1495295450,31098-136,Round,1.1,E,VS2,EX,EX,EX,None,GIA,None,None,6600,7260,-47,3499,3849,336,5,16,1,2,2,6.63 x 6.61 x 4.05,1,59,61.2,"crystal, cloud, feather, needle",Additional clouds are not shown. Pinpoints are not shown.,V Light,Light,Light,Light,None,None,None,34,14,41,43.5,1.10-1.19,India,141,0,336,-1,surplus,-1.5
15084096,6512769380,41137-137,Round,1.16,F,IF,EX,EX,EX,Medium,GIA,None,None,10700,12412,-56,4708,5461,25,4,12,1,0,0,6.79 x 6.74 x 4.18,1.01,59,61.8,,Minor details of polish are not shown.,None,None,None,None,None,None,None,32.5,13,41.8,44.5,1.10-1.19,India,61,0,25.7,-1,surplus,-0.5
14900012,2516601641,41099-58,Round,1.16,F,VS1,EX,EX,EX,None,GIA,Brown,None,7200,8352,-45,3960,4594,40,6,26,1,1,1,6.79 x 6.76 x 4.08,1,59,60.3,"cloud, needle, pinpoint","Additional clouds, internal graining and surface graining are not shown.",V Light,None,None,Light,None,None,None,32.5,13,40.8,43,1.10-1.19,India,154,1,346.5,-0.5,surplus,-1.5
14968366,2516592630,41101-23,Round,1.08,D,IF,EX,EX,EX,Faint,GIA,None,None,16000,17280,-50,8001,8641,32,1,13,2,1,1,6.65 x 6.64 x 3.99,1,59,60,,Surface graining is not shown. Minor details of polish are not shown.,None,None,None,None,None,None,None,32,13,41,43.5,1.05-1.09,India,25,3,74.8,3,needs,22
14968393,7511626029,41124-52,Round,1.09,D,IF,EX,EX,EX,None,GIA,None,None,16000,17440,-38,9920,10813,32,5,11,2,1,1,6.70 x 6.66 x 4.04,1.01,59,60.5,,Surface graining is not shown. Minor details of polish are not shown.,None,None,None,None,None,None,None,32.5,13,41.4,44,1.05-1.09,India,23,3,74.8,3,needs,22
14968190,2514601544,41109-36,Round,1.09,D,VVS2,EX,EX,EX,None,GIA,None,None,10200,11118,-41,6019,6560,32,3,9,1,3,3,6.59 x 6.55 x 4.11,1.01,58,62.6,"needle, pinpoint","Clouds, additional pinpoints, internal graining and surface graining are not shown.",V Light,None,V Light,Light,None,None,None,35,14.5,41.4,44,1.05-1.09,India,43,4,72.8,2,needs,22
15083854,6511715554,41137-41,Round,1.06,D,VS1,EX,EX,EX,Faint,GIA,None,None,8700,9222,-50,4351,4612,25,4,11,1,0,0,6.52 x 6.48 x 4.07,1.01,56,62.6,"crystal, needle",Pinpoints are not shown.,Light,V Light,None,None,None,None,None,35,15.5,41,43.5,1.05-1.09,India,62,1,359.6,-0.5,,4.5
14731820,5513445952,41099-1,Round,1.06,D,VS2,EX,EX,EX,None,GIA,None,None,7300,7738,-43,4161,4411,67,13,19,6,1,3,6.51 x 6.46 x 4.05,1.01,59,62.4,"crystal, cloud",Additional clouds are not shown. Pinpoints are not shown.,V Light,V Light,Light,Medium,None,None,None,34.5,14,41.2,43.5,1.05-1.09,India,81,2,410.8,-4,,4.5
14812616,3515555769,41128-1,Round,1.09,D,VS2,EX,EX,EX,Medium,GIA,None,None,7300,7957,-59,2993,3262,53,3,26,6,1,3,6.56 x 6.52 x 4.08,1.01,59,62.4,crystal,Pinpoints are not shown. Internal graining is not shown.,Light,Light,None,Light,None,None,None,36,15,40.8,43,1.05-1.09,India,101,2,410.8,-4,,4.5
13074239,5496641957,31138-64,Round,1.09,D,VS2,EX,EX,EX,None,GIA,None,None,7300,7957,-49,3723,4058,315,6,19,6,1,3,6.57 x 6.52 x 4.10,1.01,57,62.6,"crystal, cloud, feather, needle",Additional clouds are not shown. Pinpoints are not shown.,Light,V Light,Light,Light,None,None,None,35.5,15,41,43.5,1.05-1.09,India,81,2,410.8,-4,,4.5
14967690,7511716420,41124-101,Round,1.09,D,VS2,EX,EX,EX,Strong,GIA,None,None,7300,7957,-60,2920,3183,32,2,26,6,1,3,6.61 x 6.57 x 4.05,1.01,59,61.5,"feather, crystal, cloud, etch_channel","Additional clouds, pinpoints and surface graining are not shown.",None,Light,Light,Light,None,None,None,34.5,14,41,43.5,1.05-1.09,India,101,2,410.8,-4,,4.5
14967977,6511723116,41137-61,Round,1.09,D,VS2,EX,EX,EX,Faint,GIA,None,None,7300,7957,-52,3504,3820,32,3,19,6,1,3,6.65 x 6.63 x 4.03,1,58,60.8,"crystal, feather, cloud, needle","Additional clouds, pinpoints and surface graining are not shown.",V Light,None,Light,Light,None,None,None,33.5,14,40.8,43,1.05-1.09,India,81,2,410.8,-4,,4.5
14967993,6515679719,41129-63,Round,1.08,D,VS2,EX,EX,EX,None,GIA,None,None,7300,7884,-42,4235,4573,32,15,19,6,1,3,6.61 x 6.57 x 4.02,1.01,58,61,"crystal, feather, cloud, needle",Additional clouds are not shown. Pinpoints are not shown.,Light,Light,Light,Light,None,None,None,34,14,40.8,43,1.05-1.09,India,81,2,410.8,-4,,4.5
14968351,7513619485,41108-44,Round,1.09,E,IF,EX,EX,EX,None,GIA,None,None,12500,13625,-42,7250,7903,32,3,7,2,1,2,6.65 x 6.60 x 4.10,1.01,58,61.8,,Surface graining is not shown. Minor details of polish are not shown.,None,None,None,None,None,None,None,34,14.5,41.4,44,1.05-1.09,India,30,3,164,0,,22
14767666,7518473475,41060-87,Round,1.07,E,IF,EX,EX,EX,Faint,GIA,None,None,12500,13375,-53,5876,6287,60,2,9,2,1,2,6.62 x 6.58 x 4.02,1.01,56,61,,Minor details of polish are not shown.,None,None,None,None,None,None,None,34,14.5,40.8,43,1.05-1.09,India,34,3,164,0,,22
14968347,7516473743,41081-48,Round,1.09,E,VVS1,EX,EX,EX,None,GIA,None,None,11100,12099,-38,6883,7502,32,6,13,2,3,4,6.59 x 6.56 x 4.11,1,57,62.6,"pinpoint, feather","Additional pinpoints, clouds and surface graining are not shown.",None,None,Light,V Light,None,None,None,34.5,14.5,41.4,44,1.05-1.09,India,54,6.3,52.3,3,needs,22
14767499,2516507061,41090-28,Round,1.08,E,VVS1,EX,EX,EX,Strong,GIA,None,None,11100,11988,-61,4330,4676,60,2,28,2,3,4,6.58 x 6.55 x 4.09,1,59,62.4,pinpoint,Surface graining is not shown.,None,None,V Light,None,None,None,None,34,14,41.8,44.5,1.05-1.09,India,84,6.3,52.3,3,needs,22
15084103,5516729015,41137-74,Round,1.09,E,VVS2,EX,EX,EX,None,GIA,None,None,9300,10137,-42,5395,5880,25,11,14,1,5,5,6.65 x 6.61 x 4.07,1.01,57,61.3,"pinpoint, needle, cloud",Additional pinpoints are not shown. Surface graining is not shown.,V Light,V Light,V Light,Light,None,None,None,35,15,40.8,43,1.05-1.09,India,77,5,50.5,3,needs,22
14899787,7516485684,41090-19,Round,1.06,E,VS1,EX,EX,EX,Faint,GIA,None,None,7900,8374,-51,3872,4104,40,5,26,2,3,3,6.53 x 6.48 x 4.06,1.01,59,62.4,"crystal, needle, pinpoint",Additional pinpoints are not shown.,Light,None,V Light,V Light,None,None,None,34,14,41.6,44.5,1.05-1.09,India,135,2.3,113.2,1,needs,4.5
14541673,7511223686,41037-29,Round,1.08,E,VS1,EX,EX,EX,None,GIA,None,None,7900,8532,-48,4108,4437,97,2,19,2,3,3,6.53 x 6.48 x 4.06,1.01,58,62.4,"crystal, feather, needle",Pinpoints are not shown.,Light,None,Light,Light,None,None,None,36,15.5,40.8,43,1.05-1.09,India,102,2.3,113.2,1,needs,4.5
14218314,6501813339,31224-19,Round,1.09,E,VS2,EX,EX,EX,None,GIA,None,None,6600,7194,-49,3366,3669,154,4,16,2,3,4,6.65 x 6.62 x 4.04,1,59,61,"crystal, feather, cloud, needle","Additional clouds, pinpoints and internal graining are not shown.",Light,Light,Light,Light,None,None,None,34,14,41,43,1.05-1.09,India,170,2.1,101.6,1.5,needs,4.5
14967986,6512715512,41137-29,Round,1.09,E,VS2,EX,EX,EX,None,GIA,None,None,6600,7194,-44,3696,4029,32,14,16,2,3,4,6.57 x 6.53 x 4.10,1.01,56,62.7,"cloud, crystal, feather, needle",Additional clouds are not shown. Pinpoints are not shown.,Light,Light,Light,Light,None,None,None,35.5,15.5,40.6,43,1.05-1.09,India,170,2.1,101.6,1.5,needs,4.5
14731816,1515424045,41062-22,Round,1.05,F,VVS2,EX,EX,EX,Faint,GIA,None,None,8400,8820,-52,4032,4234,67,1,12,1,1,3,6.50 x 6.45 x 4.03,1.01,56,62.2,"pinpoint, needle",Additional pinpoints are not shown.,V Light,V Light,V Light,V Light,None,None,None,35,15.5,40.6,43,1.05-1.09,India,143,6.3,49.4,1.5,needs,22
14900015,2516572104,41111-17,Round,1.09,F,VS1,EX,EX,EX,None,GIA,None,None,7200,7848,-40,4320,4709,40,25,26,2,4,5,6.59 x 6.55 x 4.11,1.01,58,62.6,"crystal, pinpoint",Clouds are not shown. Additional pinpoints are not shown.,None,None,Light,V Light,None,None,None,35.5,15,41.2,44,1.05-1.09,India,161,2.9,82.7,2.5,needs,4.5
14812655,2517555844,41108-18,Round,1.08,F,VS1,EX,EX,EX,None,GIA,None,None,7200,7776,-40,4321,4666,53,24,26,2,4,5,6.54 x 6.49 x 4.09,1.01,58,62.7,cloud,-,None,None,None,Light,None,None,None,35.5,15,41.2,43.5,1.05-1.09,India,161,2.9,82.7,2.5,needs,4.5
12486446,6492057534,31069-151,Round,1.09,F,VS2,EX,EX,EX,None,GIA,None,None,6000,6540,-46,3240,3532,380,13,38,2,4,5,6.58 x 6.55 x 4.09,1,58,62.3,"crystal, cloud, feather, needle, pinpoint","Additional clouds, additional pinpoints, Internal graining and surface graining are not shown.",V Light,V Light,Light,Light,None,None,None,36,15.5,40.8,43,1.05-1.09,India,250,4.4,48.7,4,needs,4.5
14731793,2516437214,41089-4,Round,1.06,F,VS2,EX,EX,EX,None,GIA,None,None,6000,6360,-45,3300,3498,67,8,38,2,4,5,6.53 x 6.48 x 4.05,1.01,57,62.3,"crystal, feather, pinpoint",-,Medium,None,Light,Light,None,None,None,35.5,15.5,40.8,43,1.05-1.09,India,250,4.4,48.7,4,needs,4.5
14899788,5516626082,41108-53,Round,1.09,G,VVS1,EX,EX,EX,Faint,GIA,None,None,7700,8393,-48,4004,4364,40,2,11,1,1,2,6.56 x 6.53 x 4.09,1,57,62.4,"pinpoint, feather",Additional pinpoints are not shown.,None,None,Light,V Light,None,None,None,35.5,15.5,40.8,43,1.05-1.09,India,130,2.4,61.5,2,needs,9
14767488,2516507097,41114-2,Round,1.09,G,VVS2,EX,EX,EX,None,GIA,None,None,7000,7630,-44,3920,4273,60,6,16,2,3,6,6.55 x 6.51 x 4.09,1.01,58,62.6,needle,Pinpoints are not shown.,Light,V Light,V Light,V Light,None,None,None,36,15.5,40.8,43,1.05-1.09,India,151,4,46.9,4.5,needs,9
14899489,2516625920,41124-63,Round,1.06,G,VVS2,EX,EX,EX,Very Strong,GIA,None,None,7000,7420,-60,2800,2968,40,1,21,2,3,6,6.54 x 6.51 x 4.02,1,58,61.6,"needle, pinpoint, feather",Additional pinpoints are not shown. Surface graining is not shown.,None,V Light,Light,None,None,None,None,35.5,15,40.6,43,1.05-1.09,India,240,4,46.9,4.5,needs,9
14899503,1515601651,41114-12,Round,1.09,G,VS2,EX,EX,EX,None,GIA,None,None,5400,5886,-46,2917,3179,40,20,42,3,9,14,6.59 x 6.56 x 4.12,1,57,62.6,"twinning_wisp, cloud, crystal, needle","Additional twinning wisps, additional clouds, pinpoints and surface graining are not shown.",Light,Light,Light,Light,None,None,None,36.5,16,41.2,43.5,1.05-1.09,India,417,2.2,50.1,7.5,needs,12.5
15083612,6515748988,41137-86,Round,1.05,G,VS2,EX,EX,EX,None,GIA,None,None,5400,5670,-41,3186,3346,25,37,42,3,9,14,6.48 x 6.44 x 4.04,1.01,58,62.5,"cloud, crystal, needle","Additional clouds, pinpoints and internal graining are not shown.",V Light,V Light,V Light,Light,None,None,None,35.5,15,41,43.5,1.05-1.09,India,417,2.2,50.1,7.5,needs,12.5
13272419,1498814528,31142-170,Round,1.09,G,VS2,EX,EX,EX,None,GIA,None,None,5400,5886,-48,2809,3061,294,5,42,3,9,14,6.64 x 6.61 x 4.06,1,58,61.2,"cloud, feather, crystal, knot, needle","Additional clouds, pinpoints and surface graining are not shown.",V Light,V Light,Light,Light,None,None,None,33.5,14,41,43,1.05-1.09,India,417,2.2,50.1,7.5,needs,12.5
14812629,6512497663,41081-66,Round,1.07,H,IF,EX,EX,EX,None,GIA,None,None,6100,6527,-43,3477,3721,53,11,18,1,2,3,6.54 x 6.49 x 4.09,1.01,56,62.8,,Minor details of polish are not shown.,None,None,None,None,None,None,None,36,16,40.8,43,1.05-1.09,India,75,1.3,127.6,0.5,,9.5
12565356,3495165583,31093-35,Round,1.07,H,VS1,EX,EX,EX,None,GIA,None,None,5200,5564,-48,2705,2894,371,5,67,3,15,21,6.54 x 6.50 x 4.07,1.01,57,62.4,"cloud, crystal","Additional clouds, pinpoints and surface graining are not shown.",V Light,V Light,Light,Light,None,None,None,35.5,15,41,43.5,1.05-1.09,India,396,1.5,46.8,8,needs,11
12894920,2494303190,31098-143,Round,1.09,H,VS1,EX,EX,EX,None,GIA,None,None,5200,5668,-48,2704,2948,336,11,67,3,15,21,6.62 x 6.60 x 4.07,1,59,61.5,"crystal, feather, cloud, needle","Additional clouds, pinpoints and surface graining are not shown.",V Light,V Light,Light,Light,V Light,None,V Light,34,14,41.4,44,1.05-1.09,India,396,1.5,46.8,8,needs,11
14218304,6505914751,31241-10,Round,1.06,H,VS1,EX,EX,EX,None,GIA,None,None,5200,5512,-46,2809,2977,154,16,67,3,15,21,6.50 x 6.46 x 4.07,1.01,59,62.8,"crystal, needle, cloud, pinpoint",Additional pinpoints are not shown.,None,None,None,Light,None,None,None,35.5,15,41.2,43.5,1.05-1.09,India,396,1.5,46.8,8,needs,11
12758507,2496302803,31109-3,Round,1.09,H,VS2,EX,EX,EX,None,GIA,None,None,4800,5232,-49,2448,2668,349,7,62,6,5,6,6.56 x 6.53 x 4.11,1,57,62.7,"crystal, feather, needle",Clouds are not shown. Pinpoints are not shown.,Light,V Light,Light,Light,None,None,None,35.5,15,41,43.5,1.05-1.09,India,656,1.9,99.7,3,needs,11
14967402,2516728985,41147-2,Round,1.07,H,VS2,EX,EX,EX,None,GIA,None,None,4800,5136,-44,2688,2876,32,44,62,6,5,6,6.53 x 6.50 x 4.08,1,57,62.6,"feather, crystal, cloud, needle","Additional clouds, pinpoints and surface graining are not shown.",V Light,V Light,Light,Light,None,Light,Light,35.5,15.5,41,43.5,1.05-1.09,India,656,1.9,99.7,3,needs,11
14967398,2518645052,41119-35,Round,1.08,H,VS2,EX,EX,EX,None,GIA,None,None,4800,5184,-46,2593,2800,32,27,62,6,5,6,6.65 x 6.63 x 4.05,1,59,61,"cloud, crystal, feather, needle","Additional clouds, pinpoints and internal graining are not shown.",Light,V Light,Light,Light,V Light,None,None,32.5,13,41.6,44.5,1.05-1.09,India,656,1.9,99.7,3,needs,11
12439308,3485975263,31074-27,Round,1.05,H,VS2,EX,EX,EX,None,GIA,None,None,4800,5040,-47,2544,2671,385,9,62,6,5,6,6.49 x 6.45 x 4.03,1.01,58,62.2,"crystal, cloud, needle",Additional clouds are not shown. Pinpoints are not shown.,Light,None,Light,Medium,None,None,None,36,15.5,40.6,42.5,1.05-1.09,India,656,1.9,99.7,3,needs,11
14812545,6512555854,41108-16,Round,1.09,H,VS2,EX,EX,EX,None,GIA,None,None,4800,5232,-47,2544,2773,53,22,62,6,5,6,6.61 x 6.57 x 4.09,1.01,59,62.1,"crystal, cloud, needle",Additional clouds are not shown. Pinpoints are not shown.,Light,V Light,Light,Light,None,None,None,32.5,13,41.8,44.5,1.05-1.09,India,656,1.9,99.7,3,needs,11
12699174,1498273994,31094-111,Round,1.09,H,VS2,EX,EX,EX,None,GIA,None,None,4800,5232,-47,2544,2773,357,22,62,6,5,6,6.59 x 6.55 x 4.09,1.01,57,62.3,"cloud, crystal, needle",Additional clouds are not shown. Pinpoints are not shown.,V Light,V Light,Light,Light,None,None,None,35.5,15,41,43,1.05-1.09,India,656,1.9,99.7,3,needs,11
15084098,7512722420,41124-128,Round,1,D,VVS1,EX,EX,EX,Medium,GIA,None,None,12800,12800,-57,5505,5505,25,10,67,3,3,9,6.45 x 6.40 x 3.86,1.01,62,60,"cloud, feather",Surface graining is not shown.,None,None,Light,Light,None,None,None,33,12.5,41,43.5,1.00-1.04,India,169,6.2,39.7,8,needs,59.5
14968182,2514728978,41137-72,Round,1.01,D,VVS2,EX,EX,EX,None,GIA,None,None,10200,10302,-41,6018,6078,32,11,37,3,5,12,6.45 x 6.41 x 3.90,1.01,62,60.6,pinpoint,Additional pinpoints are not shown. Clouds are not shown.,None,None,None,Light,None,None,None,34,12.5,41,43.5,1.00-1.04,India,155,4.9,47.9,5.5,needs,59.5
14900019,2514577898,41081-109,Round,1,D,VS1,EX,EX,EX,None,GIA,None,None,8700,8700,-41,5134,5134,40,12,34,5,46,56,6.39 x 6.34 x 3.96,1.01,61,62.3,"feather, needle, cloud, pinpoint",Additional clouds are not shown. Additional pinpoints are not shown.,None,None,Light,Light,None,None,None,34.5,13.5,41.6,44.5,1.00-1.04,India,195,3.3,68.5,7.5,needs,83.5
14900026,1513619301,41092-28,Round,1,D,VS1,EX,EX,EX,None,GIA,None,None,8700,8700,-39,5308,5308,40,22,34,5,46,56,6.40 x 6.35 x 3.96,1.01,57,62.1,"feather, pinpoint",Additional pinpoints are not shown. Clouds are not shown.,None,None,Light,Light,None,None,V Light,35,15,40.8,43,1.00-1.04,India,195,3.3,68.5,7.5,needs,83.5
13696082,6502217844,31177-29,Round,1,D,VS2,EX,EX,EX,Faint,GIA,None,None,7300,7300,-57,3140,3140,238,1,53,6,55,66,6.36 x 6.32 x 3.97,1.01,58,62.7,"crystal, indented_natural, natural",Pinpoints are not shown.,Light,Light,None,Light,None,None,Other,36,15.5,40.8,43,1.00-1.04,India,250,4.3,37.5,20,needs,83.5
14899791,6515610989,41082-95,Round,1.01,D,VS2,EX,EX,EX,None,GIA,None,None,7300,7373,-42,4235,4277,40,41,53,6,55,66,6.45 x 6.40 x 3.95,1.01,59,61.5,"crystal, feather",-,Light,None,Light,Light,None,None,None,34.5,14,41,43.5,1.00-1.04,India,250,4.3,37.5,20,needs,83.5
14577693,6512294612,41037-170,Round,1,D,VS2,EX,EX,EX,None,GIA,None,None,7300,7300,-44,4088,4088,90,29,53,6,55,66,6.40 x 6.36 x 3.98,1.01,57,62.5,"crystal, feather, indented_natural, needle","Clouds, pinpoints and surface graining are not shown.",V Light,V Light,Light,Light,None,None,None,35,15,41,43.5,1.00-1.04,India,250,4.3,37.5,20,needs,83.5
15083843,7512722423,41128-50,Round,1.02,D,VS2,EX,EX,EX,None,GIA,None,None,7300,7446,-43,4161,4245,25,37,53,6,55,66,6.51 x 6.49 x 3.94,1,59,60.6,"crystal, feather",Pinpoints are not shown. Surface graining is not shown.,Light,Light,Light,Light,Light,None,None,35,14.5,40.6,43,1.00-1.04,India,250,4.3,37.5,20,needs,83.5
14812623,6515567607,41094-10,Round,1.01,D,VS2,EX,EX,EX,Faint,GIA,None,None,7300,7373,-53,3431,3465,53,6,53,6,55,66,6.53 x 6.49 x 3.92,1.01,59,60.3,"crystal, needle",Pinpoints are not shown. Internal graining is not shown.,Light,None,V Light,None,None,None,None,33.5,13.5,40.8,43,1.00-1.04,India,250,4.3,37.5,20,needs,83.5
14899999,1515571591,41112-7,Round,1.01,E,VVS2,EX,EX,EX,Faint,GIA,None,None,9300,9393,-53,4371,4415,40,7,58,4,7,13,6.42 x 6.38 x 3.98,1.01,59,62.2,"needle, cloud, pinpoint",Additional pinpoints are not shown.,V Light,None,Light,V Light,None,None,None,34.5,14,41.2,43.5,1.00-1.04,India,373,4.8,55.9,7.5,needs,59.5
15083853,2517656680,41129-42,Round,1.03,E,VVS2,EX,EX,EX,Faint,GIA,None,None,9300,9579,-52,4464,4598,25,12,58,4,7,13,6.48 x 6.45 x 4.02,1,58,62.2,needle,"Clouds, pinpoints and surface graining are not shown.",None,V Light,Light,Light,None,None,None,34.5,14.5,41.2,43.5,1.00-1.04,India,373,4.8,55.9,7.5,needs,59.5
14608310,2517356555,41040-71,Round,1.01,E,VS1,EX,EX,EX,None,GIA,None,None,7900,7979,-47,4188,4230,84,5,100,9,37,47,6.47 x 6.43 x 3.99,1.01,59,61.8,"crystal, feather, cloud, needle",Additional clouds are not shown. Pinpoints are not shown.,Light,None,Light,Light,V Light,None,None,33.5,14,41.6,44,1.00-1.04,India,454,2.7,93.6,8,needs,83.5
14812649,2514543009,41108-9,Round,1.01,E,VS1,EX,EX,EX,None,GIA,None,None,7900,7979,-44,4424,4468,53,57,100,9,37,47,6.41 x 6.36 x 4.00,1.01,59,62.6,"cloud, feather, pinpoint",Additional clouds are not shown. Additional pinpoints are not shown.,None,None,Light,Light,None,None,None,35.5,14.5,41.2,43.5,1.00-1.04,India,454,2.7,93.6,8,needs,83.5
12895001,6491495083,31117-106,Round,1,E,VS1,EX,EX,EX,None,GIA,None,None,7900,7900,-45,4346,4346,336,26,100,9,37,47,6.39 x 6.35 x 4.01,1.01,57,62.9,"feather, pinpoint",Additional pinpoints are not shown. Clouds are not shown.,None,None,Light,Light,None,None,None,33,14,41.8,44.5,1.00-1.04,India,454,2.7,93.6,8,needs,83.5
14767493,7518507054,41090-31,Round,1,E,VS1,EX,EX,EX,None,GIA,None,None,7900,7900,-45,4346,4346,60,26,100,9,37,47,6.41 x 6.37 x 3.95,1.01,62,61.7,"feather, pinpoint",Additional pinpoints are not shown. Surface graining is not shown.,None,None,V Light,Light,None,None,None,33.5,12.5,41.8,44.5,1.00-1.04,India,454,2.7,93.6,8,needs,83.5
14731823,5516473774,41090-6,Round,1.01,E,VS1,EX,EX,EX,None,GIA,None,None,7900,7979,-44,4424,4468,67,57,100,9,37,47,6.38 x 6.33 x 3.97,1.01,59,62.5,"crystal, needle",Clouds are not shown. Pinpoints are not shown.,V Light,V Light,Light,Light,None,None,None,36,15,40.8,43,1.00-1.04,India,454,2.7,93.6,8,needs,83.5
14900013,7516592653,41094-16,Round,1.01,E,VS1,EX,EX,EX,None,GIA,None,None,7900,7979,-42,4583,4629,40,77,100,9,37,47,6.54 x 6.50 x 3.86,1.01,61,59.2,"feather, pinpoint",-,None,None,V Light,Light,None,None,None,32.5,12.5,40.8,43,1.00-1.04,India,454,2.7,93.6,8,needs,83.5
14967994,6512715147,41137-20,Round,1,E,VS1,EX,EX,EX,None,GIA,None,None,7900,7900,-42,4582,4582,32,71,100,9,37,47,6.36 x 6.32 x 3.98,1.01,58,62.7,"feather, pinpoint",Additional pinpoints are not shown.,None,None,Light,None,None,None,None,36,15.5,40.8,43,1.00-1.04,India,454,2.7,93.6,8,needs,83.5
15276358,2516748926,41137-95,Round,1.01,E,VS2,EX,EX,EX,None,GIA,None,None,6600,6666,-41,3895,3934,3,98,112,8,36,45,6.39 x 6.36 x 4.02,1,55,63,"cloud, feather, indented_natural",Additional clouds are not shown. Pinpoints are not shown.,None,None,Light,None,None,N/A,V Light,35,16,40.8,43,1.00-1.04,India,750,3.2,84.6,10,needs,83.5
14899776,1513656772,41132-7,Round,1.01,E,VS2,EX,EX,EX,None,GIA,None,None,6600,6666,-44,3697,3734,40,63,112,8,36,45,6.40 x 6.37 x 4.00,1,58,62.7,"crystal, cloud, feather, needle",Additional clouds are not shown. Pinpoints are not shown.,Light,None,Light,Light,None,None,None,35.5,15,41,43.5,1.00-1.04,India,750,3.2,84.6,10,needs,83.5
14577679,6515309797,41041-18,Round,1,E,VS2,EX,EX,EX,None,GIA,None,None,6600,6600,-47,3498,3498,90,25,112,8,36,45,6.38 x 6.35 x 3.97,1,59,62.3,"crystal, feather, needle, natural",Clouds are not shown. Pinpoints are not shown.,Light,None,None,Light,None,None,None,35.5,15,41.2,43.5,1.00-1.04,India,750,3.2,84.6,10,needs,83.5
14899780,2516619552,41127-7,Round,1.01,E,VS2,EX,EX,EX,None,GIA,None,None,6600,6666,-43,3762,3800,40,82,112,8,36,45,6.51 x 6.48 x 3.96,1,58,60.9,"feather, crystal, needle, cloud",Pinpoints are not shown.,Light,V Light,Light,V Light,None,None,None,33.5,14,41.2,43.5,1.00-1.04,India,750,3.2,84.6,10,needs,83.5
14731759,5513424077,41081-6,Round,1.01,E,VS2,EX,EX,EX,None,GIA,None,None,6600,6666,-46,3564,3600,67,40,112,8,36,45,6.40 x 6.37 x 4.00,1,58,62.6,"crystal, feather, cloud, pinpoint",Surface graining is not shown.,Light,None,Light,Light,None,None,None,35.5,15,41.2,43.5,1.00-1.04,India,750,3.2,84.6,10,needs,83.5
12840568,1499406049,31098-207,Round,1,E,VS2,EX,EX,EX,None,GIA,None,None,6600,6600,-46,3564,3564,343,34,112,8,36,45,6.44 x 6.40 x 3.97,1.01,57,61.8,"feather, cloud",Additional clouds are not shown. Surface graining is not shown.,None,None,Light,Light,Light,None,None,35,14.5,41,43.5,1.00-1.04,India,750,3.2,84.6,10,needs,83.5
12894942,2496474857,31116-6,Round,1.03,E,VS2,EX,EX,EX,None,GIA,None,None,6600,6798,-48,3433,3536,336,31,112,8,36,45,6.43 x 6.40 x 4.01,1,56,62.6,"crystal, cloud, needle",Additional clouds are not shown. Pinpoints are not shown.,Light,None,V Light,Light,None,None,None,35.5,16,40.6,42.5,1.00-1.04,India,750,3.2,84.6,10,needs,83.5
14899779,3515542989,41109-2,Round,1.01,E,VS2,EX,EX,EX,None,GIA,None,None,6600,6666,-43,3762,3800,40,82,112,8,36,45,6.39 x 6.35 x 3.99,1.01,59,62.6,"crystal, cloud, needle","Additional clouds, pinpoints and surface graining are not shown.",Light,Light,Light,Light,None,None,None,35.5,15,41.2,43.5,1.00-1.04,India,750,3.2,84.6,10,needs,83.5
14900049,1519619519,41119-18,Round,1.01,F,VVS1,EX,EX,EX,None,GIA,None,None,9700,9797,-39,5917,5976,40,17,55,1,3,8,6.44 x 6.40 x 3.97,1.01,60,61.9,"pinpoint, feather",Surface graining is not shown.,None,None,Light,V Light,None,None,None,32.5,13,41.8,44.5,1.00-1.04,India,300,4.3,28.8,6.5,needs,59.5
14900017,7516619492,41109-40,Round,1,F,VVS2,EX,EX,EX,None,GIA,None,None,8400,8400,-42,4872,4872,40,10,45,3,5,16,6.40 x 6.37 x 3.96,1,59,62.1,"cloud, pinpoint, feather",Additional pinpoints are not shown.,None,None,Light,None,None,None,None,34.5,14,41.4,44,1.00-1.04,India,452,3.6,37.1,11,needs,59.5
14968171,1519715543,41132-14,Round,1.02,F,VVS2,EX,EX,EX,None,GIA,None,None,8400,8568,-40,5041,5142,32,25,45,3,5,16,6.44 x 6.40 x 3.99,1.01,59,62.1,pinpoint,Additional pinpoints are not shown.,V Light,None,V Light,V Light,None,None,None,34.5,14,41.2,43.5,1.00-1.04,India,452,3.6,37.1,11,needs,59.5
14767487,7516485815,41107-3,Round,1.02,F,VS1,EX,EX,EX,None,GIA,None,None,7200,7344,-42,4177,4260,60,58,96,8,18,31,6.42 x 6.39 x 4.02,1,57,62.7,"crystal, cloud, needle","Additional clouds, pinpoints and internal graining are not shown.",V Light,V Light,Light,Light,None,None,None,35.5,15.5,41,43.5,1.00-1.04,India,735,2.5,67.9,12.5,needs,83.5
14812645,5516568099,41109-12,Round,1.02,F,VS1,EX,EX,EX,None,GIA,None,None,7200,7344,-41,4249,4334,53,70,96,8,18,31,6.43 x 6.41 x 4.02,1,59,62.6,"cloud, needle",Additional clouds are not shown. Pinpoints are not shown.,None,V Light,Light,Light,None,None,None,34.5,14,41.6,44.5,1.00-1.04,India,735,2.5,67.9,12.5,needs,83.5
14731811,2517431350,41078-13,Round,1.01,F,VS1,EX,EX,EX,None,GIA,None,None,7200,7272,-44,4033,4073,67,13,96,8,18,31,6.40 x 6.36 x 3.99,1.01,58,62.6,"crystal, needle",Pinpoints are not shown.,Light,None,None,V Light,None,None,None,35.5,15,41.2,43.5,1.00-1.04,India,735,2.5,67.9,12.5,needs,83.5
15083625,7518748938,41129-91,Round,1,F,VS1,EX,EX,EX,Faint,GIA,None,None,7200,7200,-49,3672,3672,25,4,110,8,18,31,6.54 x 6.51 x 3.86,1,59,59.1,"feather, cloud",-,None,None,None,Light,None,None,None,32,12.5,40.8,43,1.00-1.04,India,915,2.5,67.9,12.5,needs,83.5
14577691,5516294589,41037-164,Round,1.01,F,VS1,EX,EX,EX,None,GIA,None,None,7200,7272,-44,4033,4073,90,13,96,8,18,31,6.42 x 6.37 x 3.99,1.01,58,62.4,"crystal, needle",Pinpoints are not shown.,Light,Light,V Light,V Light,None,None,None,34.5,14.5,41.4,44,1.00-1.04,India,735,2.5,67.9,12.5,needs,83.5
14967992,6512572114,41112-8,Round,1.01,F,VS1,EX,EX,EX,None,GIA,None,None,7200,7272,-41,4249,4291,32,64,96,8,18,31,6.41 x 6.36 x 4.00,1.01,58,62.7,"cloud, needle",Additional clouds are not shown. Pinpoints are not shown.,V Light,None,Light,Light,None,None,None,35.5,15,41.2,44,1.00-1.04,India,735,2.5,67.9,12.5,needs,83.5
14812627,5516555790,41124-3,Round,1.01,F,VS2,EX,EX,EX,None,GIA,None,None,6000,6060,-42,3481,3516,53,68,94,3,55,68,6.36 x 6.39 x 3.98,1,58,62.4,"cloud, feather, natural",Additional clouds are not shown. Pinpoints are not shown.,V Light,V Light,Light,Light,None,Light,None,36,15.5,40.8,43,1.00-1.04,India,1245,5,16.8,25.5,needs,83.5
14767156,3515507088,41089-18,Round,1,F,VS2,EX,EX,EX,Faint,GIA,None,None,6000,6000,-50,3000,3000,60,5,94,3,55,68,6.40 x 6.36 x 3.99,1.01,57,62.5,"feather, cloud, pinpoint, natural",Additional pinpoints are not shown.,None,None,Light,V Light,None,None,None,33.5,14.5,41.2,43.5,1.00-1.04,India,1000,5,16.8,25.5,needs,83.5
14899510,3515619587,41110-23,Round,1,F,VS2,EX,EX,EX,None,GIA,None,None,6000,6000,-43,3421,3421,40,50,94,3,55,68,6.42 x 6.38 x 3.90,1.01,61,60.9,"crystal, feather, needle, indented_natural",Clouds are not shown. Pinpoints are not shown.,Light,V Light,Light,Light,None,Light,Light,34,13.5,40.8,43,1.00-1.04,India,1245,5,16.8,25.5,needs,83.5
14812617,1519497681,41099-13,Round,1.01,G,VVS1,EX,EX,EX,Strong,GIA,None,None,7700,7777,-59,3158,3189,53,2,35,3,0,3,6.40 x 6.36 x 3.99,1.01,59,62.5,"pinpoint, feather",-,None,None,Light,V Light,None,None,None,36,15,41,43.5,1.00-1.04,India,500,5.6,53.6,4.5,needs,24.5
14967985,6512715160,41137-21,Round,1.01,G,VVS2,EX,EX,EX,None,GIA,None,None,7000,7070,-41,4131,4172,32,27,70,2,12,15,6.42 x 6.38 x 4.00,1.01,56,62.5,"pinpoint, feather, cloud",Additional pinpoints are not shown. Surface graining is not shown.,V Light,None,Light,V Light,None,None,None,35,15.5,40.8,43,1.00-1.04,India,592,4.5,17,17,needs,24.5
14899488,2516592620,41110-18,Round,1.01,G,VVS2,EX,EX,EX,Strong,GIA,None,None,7000,7070,-58,2941,2970,40,2,108,2,12,15,6.49 x 6.46 x 3.97,1,57,61.3,crystal,"Clouds, internal graining and surface graining are not shown.",None,None,None,Light,None,None,None,33.5,14,41.2,44,1.00-1.04,India,750,4.5,17,17,needs,24.5
14899496,7516572016,41129-1,Round,1,G,VS1,EX,EX,EX,Faint,GIA,None,None,6200,6200,-50,3100,3100,40,6,135,4,51,56,6.38 x 6.35 x 4.01,1,57,63,"crystal, feather, natural",-,Light,None,Light,V Light,None,None,None,36.5,16,41,43.5,1.00-1.04,India,1000,4.7,15.7,32.5,needs,85.5
14899772,6515458005,41100-1,Round,1.01,G,VS1,EX,EX,EX,None,GIA,None,None,6200,6262,-42,3597,3633,40,52,110,4,51,56,6.40 x 6.37 x 4.00,1,58,62.6,"crystal, cloud, needle",Additional clouds are not shown. Pinpoints are not shown.,V Light,Light,Light,Light,None,Light,Light,35,14.5,41.4,44,1.00-1.04,India,1000,4.7,15.7,32.5,needs,85.5
15083412,6512715591,41137-35,Round,1.01,G,VS2,EX,EX,EX,None,GIA,None,None,5400,5454,-41,3187,3219,25,106,126,3,55,79,6.38 x 6.34 x 3.99,1.01,57,62.7,"feather, cloud, pinpoint",Additional clouds are not shown. Additional pinpoints are not shown.,V Light,None,Light,Light,Light,None,None,36,15.5,40.6,43,1.00-1.04,India,1500,3.4,9.6,53,needs,85.5
14899492,6512572188,41111-12,Round,1,G,VS2,EX,EX,EX,None,GIA,None,None,5400,5400,-44,3025,3025,40,34,126,3,55,79,6.46 x 6.44 x 3.88,1,59,60.2,"crystal, cloud, feather",Additional clouds are not shown. Pinpoints are not shown.,Light,None,None,Light,None,None,None,33,13.5,40.8,43,1.00-1.04,India,1500,3.4,9.6,53,needs,85.5
14967412,7516715133,41137-19,Round,1,G,VS2,EX,EX,EX,None,GIA,None,None,5400,5400,-44,3025,3025,32,34,126,3,55,79,6.38 x 6.35 x 3.98,1,57,62.5,"crystal, feather, needle, indented_natural, natural",Clouds are not shown. Pinpoints are not shown.,Light,None,Light,Light,None,None,Other,36,15.5,40.6,43,1.00-1.04,India,1500,3.4,9.6,53,needs,85.5
15083620,6512722424,41137-65,Round,1.02,H,VVS1,EX,EX,EX,None,GIA,None,None,5800,5916,-41,3423,3491,25,23,67,2,5,9,6.47 x 6.45 x 3.97,1,60,61.5,"pinpoint, feather",-,None,None,Light,None,None,None,None,32.5,13,41.6,44.5,1.00-1.04,India,500,3.7,33.4,7,needs,26.5
14967403,1518572143,41111-16,Round,1.01,H,VS1,EX,EX,EX,None,GIA,None,None,5200,5252,-45,2861,2889,32,31,172,5,34,58,6.42 x 6.40 x 4.02,1,57,62.7,"crystal, pinpoint, cloud",Additional pinpoints are not shown. Additional clouds are not shown.,None,V Light,Light,Light,None,None,None,35,15,41.6,44,1.00-1.04,India,1250,2.4,30.6,26,needs,78.5
14812553,7518507172,41114-4,Round,1.03,H,VS1,EX,EX,EX,None,GIA,None,None,5200,5356,-46,2809,2893,53,33,172,5,34,58,6.47 x 6.43 x 3.97,1.01,59,61.5,"crystal, needle",Clouds are not shown. Pinpoints are not shown.,Light,None,None,V Light,None,None,None,35,14.5,40.8,43,1.00-1.04,India,1250,2.4,30.6,26,needs,78.5
14899494,7513626023,41119-24,Round,1.01,H,VS1,EX,EX,EX,None,GIA,None,None,5200,5252,-42,3016,3047,40,117,172,5,34,58,6.41 x 6.36 x 4.00,1.01,59,62.6,"feather, cloud, pinpoint, natural",Additional pinpoints are not shown.,None,None,Light,Light,None,None,V Light,35,14.5,41.6,44,1.00-1.04,India,1250,2.4,30.6,26,needs,78.5
14812298,2516555785,41122-1,Round,1,H,VS1,EX,EX,EX,Strong,GIA,None,None,5200,5200,-56,2288,2288,53,2,198,5,34,58,6.38 x 6.33 x 3.99,1.01,59,62.7,"crystal, feather, needle, indented_natural, natural",Pinpoints are not shown.,Light,Light,Light,Light,None,None,Other,34.5,14,41.6,44.5,1.00-1.04,India,1500,2.4,30.6,26,needs,78.5
14812430,6512521872,41089-3,Round,1.01,H,VS1,EX,EX,EX,Faint,GIA,Other,None,5200,5252,-54,2393,2417,53,1,189,5,34,58,6.41 x 6.37 x 4.00,1.01,58,62.6,"crystal, feather, cloud, natural",Surface graining is not shown.,None,None,V Light,None,None,None,V Light,34,14.5,41.6,44,1.00-1.04,India,1250,2.4,30.6,26,needs,78.5
15083397,6515769410,41147-7,Round,1.01,H,VS2,EX,EX,EX,None,GIA,None,None,4800,4848,-41,2832,2860,25,131,163,3,42,90,6.43 x 6.41 x 3.92,1,62,61,"feather, indented_natural, natural",-,None,None,Light,Light,None,None,None,35,13,41,43.5,1.00-1.04,India,2250,3.1,8.4,52.5,needs,78.5
14812441,1513542535,41108-14,Round,1.01,H,VS2,EX,EX,EX,None,GIA,None,None,4800,4848,-46,2593,2619,53,37,163,3,42,90,6.42 x 6.38 x 3.99,1.01,59,62.3,"crystal, cloud, needle",Additional clouds are not shown. Pinpoints are not shown.,Light,V Light,Light,Light,None,None,None,35,14.5,41.4,44,1.00-1.04,India,2250,3.1,8.4,52.5,needs,78.5
