Category,Item Id,Cert Number,Stock Num,Shape,Carat,Carat Range,Color,Clarity,Cut,Polish,Sym,Fluor,Lab,Shade,Milky,Rap $/Ct,Rap Total,Rap %,$/Ct,Total Price,Aging,Rank,Count,My Stock,My Sales,My YTD Sales
Round | 2.50 - 2.99 | D | VVS1,14900401,2516571392,41082-75,Round,2.75,2.50 - 2.99,D,VVS1,EX,EX,EX,None,GIA,None,None,27500,75625,-21,21725,59745,4,3,8,1,1,1
Round | 2.50 - 2.99 | E | IF,13160953,5493753948,31139-138,Round,2.52,2.50 - 2.99,E,IF,EX,EX,EX,None,GIA,None,None,27000,68040,-34,17820,44907,310,1,1,1,0,0
Round | 2.50 - 2.99 | D | VVS2,14767827,2516492187,41101-2,Round,2.51,2.50 - 2.99,D,VVS2,EX,EX,EX,None,GIA,None,None,23500,58985,-26,17390,43650,62,2,7,1,0,0
Round | 2.00 - 2.19 | D | IF,14900392,6511591607,41082-85,Round,2.03,2.00 - 2.19,D,IF,EX,EX,EX,None,GIA,None,None,33000,66990,-39,20130,40864,4,3,5,2,0,0
Round | 2.00 - 2.19 | D | IF,14812737,7516510383,41082-59,Round,2.01,2.00 - 2.19,D,IF,EX,EX,EX,None,GIA,None,None,33000,66330,-39,20130,40461,55,2,5,2,0,0
Round | 2.50 - 2.99 | D | VS1,14767826,2516510449,41101-8,Round,2.65,2.50 - 2.99,D,VS1,EX,EX,EX,None,GIA,None,None,20500,54325,-29,14555,38571,62,5,5,4,0,0
Round | 2.50 - 2.99 | F | VS1,14767824,2517510369,41102-4,Round,2.73,2.50 - 2.99,F,VS1,EX,EX,EX,None,GIA,None,None,17500,47775,-22,13650,37265,62,2,3,1,0,0
Round | 2.50 - 2.99 | D | VS1,14732441,1513456066,41082-22,Round,2.62,2.50 - 2.99,D,VS1,EX,EX,EX,None,GIA,None,None,20500,53710,-31,14145,37060,69,4,5,4,0,0
Round | 2.20 - 2.49 | D | VVS1,14732442,2514465047,41082-31,Round,2.2,2.20 - 2.49,D,VVS1,EX,EX,EX,None,GIA,None,None,27500,60500,-39,16775,36906,69,1,6,1,0,0
Round | 2.50 - 2.99 | D | VS1,13925012,2504568281,31198-45,Round,2.5,2.50 - 2.99,D,VS1,EX,EX,EX,None,GIA,None,None,20500,51250,-29,14555,36388,204,2,5,4,0,0
Round | 2.50 - 2.99 | D | VS1,14812734,6515552356,41103-11,Round,2.5,2.50 - 2.99,D,VS1,EX,EX,EX,None,GIA,None,None,20500,51250,-29,14555,36388,55,2,5,4,0,0
Round | 2.50 - 2.99 | F | VS1,14900308,1517607941,41101-27,Round,2.5,2.50 - 2.99,F,VS1,EX,EX,EX,None,GIA,None,None,17500,43750,-26,12950,32375,42,3,4,1,0,0
Round | 2.20 - 2.49 | D | VVS2,14732434,6512465058,41082-33,Round,2.2,2.20 - 2.49,D,VVS2,EX,EX,EX,None,GIA,None,None,23500,51700,-39,14335,31538,69,2,3,1,0,1
Round | 2.00 - 2.19 | F | VVS1,15084601,1513752047,41102-28,Round,2.18,2.00 - 2.19,F,VVS1,EX,EX,EX,None,GIA,None,None,22000,47960,-36,14080,30694,27,9,11,1,1,1
Round | 2.50 - 2.99 | D | VS2,14812730,7518542158,41101-14,Round,2.5,2.50 - 2.99,D,VS2,EX,EX,EX,None,GIA,None,None,17500,43750,-30,12250,30626,55,1,3,1,1,1
Round | 2.50 - 2.99 | G | VVS2,14767821,2517492384,41102-2,Round,2.5,2.50 - 2.99,G,VVS2,EX,EX,EX,None,GIA,None,None,16500,41250,-26,12210,30526,62,3,13,1,0,0
Round | 2.50 - 2.99 | G | VS1,14608409,1513344156,41045-20,Round,2.5,2.50 - 2.99,G,VS1,EX,EX,EX,None,GIA,None,None,15000,37500,-23,11550,28875,86,3,7,1,0,0
Round | 2.20 - 2.49 | D | VS1,14732429,6512392346,41068-17,Round,2.2,2.20 - 2.49,D,VS1,EX,EX,EX,None,GIA,None,None,20500,45100,-37,12915,28414,69,2,3,1,0,0
Round | 2.00 - 2.19 | E | VVS2,14812727,6515542121,41101-11,Round,2.01,2.00 - 2.19,E,VVS2,EX,EX,EX,None,GIA,None,None,21000,42210,-38,13020,26170,55,5,8,2,0,1
Round | 1.70 - 1.99 | D | IF,14767818,1518478716,41082-35,Round,1.83,1.70 - 1.99,D,IF,EX,EX,EX,None,GIA,None,None,21000,38430,-33,14070,25749,62,1,6,1,0,0
Round | 2.00 - 2.19 | D | VS1,14767817,2514465041,41082-27,Round,2.01,2.00 - 2.19,D,VS1,EX,EX,EX,None,GIA,None,None,20500,41205,-38,12710,25548,62,4,7,3,2,2
Round | 2.00 - 2.19 | F | VVS2,14608411,7516366386,41045-30,Round,2.09,2.00 - 2.19,F,VVS2,EX,EX,EX,None,GIA,None,None,19500,40755,-39,11895,24861,86,10,16,1,3,4
Round | 2.00 - 2.19 | D | VS1,14812726,2514521929,41099-24,Round,2,2.00 - 2.19,D,VS1,EX,EX,EX,None,GIA,None,None,20500,41000,-41,12095,24190,55,1,7,3,2,2
Round | 2.00 - 2.19 | E | VS1,14608410,2514335347,41052-5,Round,2.06,2.00 - 2.19,E,VS1,EX,EX,EX,None,GIA,None,None,19000,39140,-42,11020,22702,86,9,14,2,2,4
Round | 2.00 - 2.19 | E | VS1,14732420,6512392233,41052-29,Round,2.01,2.00 - 2.19,E,VS1,EX,EX,EX,None,GIA,None,None,19000,38190,-41,11210,22533,69,8,14,2,2,4
Round | 2.00 - 2.19 | D | VVS2,15276352,7516854912,41139-18,Round,2.02,2.00 - 2.19,D,VVS2,EX,EX,EX,Strong,GIA,None,None,23500,47470,-56,10340,20887,4,2,14,1,0,0
Round | 2.00 - 2.19 | D | VS2,14812721,2517542127,41082-64,Round,2.02,2.00 - 2.19,D,VS2,EX,EX,EX,None,GIA,None,None,17500,35350,-42,10150,20504,55,5,16,1,2,3
Round | 2.00 - 2.19 | E | VS2,14608402,2518324797,41052-3,Round,2.09,2.00 - 2.19,E,VS2,EX,EX,EX,None,GIA,None,None,16000,33440,-42,9280,19395,86,9,13,1,1,1
Round | 1.50 - 1.69 | E | IF,14968550,1513524254,41101-10,Round,1.64,1.50 - 1.69,E,IF,EX,EX,EX,None,GIA,None,None,18800,30832,-38,11657,19117,34,2,2,1,1,2
Round | 1.70 - 1.99 | D | VVS1,12132384,6481685508,31044-58,Round,1.7,1.70 - 1.99,D,VVS1,EX,EX,EX,None,GIA,None,None,18700,31790,-42,10846,18439,428,2,11,1,2,2
Round | 1.50 - 1.69 | D | VVS1,14767734,7512478720,41082-28,Round,1.61,1.50 - 1.69,D,VVS1,EX,EX,EX,None,GIA,None,None,18700,30107,-40,11220,18064,62,14,22,1,2,2
Round | 1.70 - 1.99 | D | IF,12565099,1498154866,31084-41,Round,1.7,1.70 - 1.99,D,IF,EX,EX,EX,Faint,GIA,None,None,21000,35700,-53,9870,16779,373,1,4,1,0,0
Round | 2.00 - 2.19 | G | VS2,14767732,1515478579,41079-11,Round,2.05,2.00 - 2.19,G,VS2,EX,EX,EX,None,GIA,None,None,13500,27675,-40,8100,16606,62,7,18,1,1,1
Round | 2.00 - 2.19 | G | VS2,14767730,5516465065,41079-7,Round,2.01,2.00 - 2.19,G,VS2,EX,EX,EX,None,GIA,None,None,13500,27135,-39,8235,16552,61,7,17,2,0,0
Round | 1.70 - 1.99 | E | VVS2,14812715,6515562264,41101-17,Round,1.7,1.70 - 1.99,E,VVS2,EX,EX,EX,None,GIA,None,None,14300,24310,-33,9581,16288,55,2,3,1,0,0
Round | 1.50 - 1.69 | E | VVS1,14900282,5513626080,41102-21,Round,1.5,1.50 - 1.69,E,VVS1,EX,EX,EX,None,GIA,None,None,17300,25950,-39,10554,15831,42,14,31,1,3,3
Round | 2.00 - 2.19 | G | VS1,14900280,6515615953,41119-21,Round,2.01,2.00 - 2.19,G,VS1,EX,EX,EX,Faint,GIA,Mix Tinge,None,15000,30150,-48,7800,15678,42,1,14,1,1,1
Round | 1.50 - 1.69 | F | VVS1,14900279,6512611583,41099-60,Round,1.62,1.50 - 1.69,F,VVS1,EX,EX,EX,None,GIA,None,None,15300,24786,-37,9639,15616,42,22,25,1,1,1
Round | 1.50 - 1.69 | D | VVS2,14767726,6512478863,41082-32,Round,1.61,1.50 - 1.69,D,VVS2,EX,EX,EX,None,GIA,None,None,15400,24794,-40,9240,14876,62,17,18,2,0,2
Round | 1.70 - 1.99 | E | VS1,14900276,6233523875,41037-237,Round,1.76,1.70 - 1.99,E,VS1,EX,EX,EX,None,GIA,None,None,12200,21472,-32,8297,14602,42,4,7,2,1,1
Round | 1.70 - 1.99 | F | VS1,14732283,6512433793,41053-76,Round,1.76,1.70 - 1.99,F,VS1,EX,EX,EX,None,GIA,None,None,11400,20064,-30,7980,14046,69,5,6,1,0,1
Round | 1.70 - 1.99 | F | VS1,14767721,2517484812,41101-1,Round,1.8,1.70 - 1.99,F,VS1,EX,EX,EX,Medium,GIA,None,None,11400,20520,-38,7068,12723,62,1,9,1,0,0
Round | 1.70 - 1.99 | F | VS2,15276353,2517857101,41137-204,Round,1.7,1.70 - 1.99,F,VS2,EX,EX,EX,None,GIA,None,None,10300,17510,-30,7210,12257,4,9,12,1,1,2
Round | 1.50 - 1.69 | D | VS1,14459534,6511155134,41025-26,Round,1.5,1.50 - 1.69,D,VS1,EX,EX,EX,None,GIA,None,None,13400,20100,-41,7906,11859,113,5,13,1,1,1
Round | 1.70 - 1.99 | E | VS2,14732271,7516384263,41052-13,Round,1.7,1.70 - 1.99,E,VS2,EX,EX,EX,None,GIA,None,None,11000,18700,-37,6930,11781,69,2,8,3,1,1
Round | 1.50 - 1.69 | D | VVS2,14968399,7511583300,41104-16,Round,1.66,1.50 - 1.69,D,VVS2,EX,EX,EX,Medium,GIA,None,None,15400,25564,-54,7084,11759,34,7,29,2,0,2
Round | 1.70 - 1.99 | E | VS2,14968398,5516583258,41100-33,Round,1.71,1.70 - 1.99,E,VS2,EX,EX,EX,None,GIA,Brown,None,11000,18810,-39,6710,11474,34,2,9,3,1,1
Round | 1.70 - 1.99 | E | VS2,12840683,6492388870,31098-184,Round,1.71,1.70 - 1.99,E,VS2,EX,EX,EX,None,GIA,None,None,11000,18810,-40,6600,11286,344,1,8,3,1,1
Round | 1.70 - 1.99 | F | VVS2,14968395,1518583281,41104-17,Round,1.7,1.70 - 1.99,F,VVS2,EX,EX,EX,Strong,GIA,None,None,13200,22440,-50,6600,11221,34,1,11,1,2,3
Round | 1.50 - 1.69 | D | VS2,14812680,1517524309,41090-33,Round,1.58,1.50 - 1.69,D,VS2,EX,EX,EX,None,GIA,None,None,12000,18960,-41,7080,11186,55,16,23,3,0,1
Round | 1.00 - 1.19 | D | IF,14968393,7511626029,41124-52,Round,1.09,1.00 - 1.19,D,IF,EX,EX,EX,None,GIA,None,None,16000,17440,-38,9921,10814,34,4,9,2,1,1
Round | 1.70 - 1.99 | E | VS1,14968391,7511622759,41102-20,Round,1.7,1.70 - 1.99,E,VS1,EX,EX,EX,Strong,GIA,None,None,12200,20740,-48,6344,10785,34,2,12,2,1,1
Round | 1.50 - 1.69 | D | VS2,14968392,1513622773,41110-24,Round,1.54,1.50 - 1.69,D,VS2,EX,EX,EX,None,GIA,None,None,12000,18480,-42,6960,10719,34,9,23,3,0,1
Round | 1.70 - 1.99 | G | VS2,14459524,6515146382,41025-23,Round,1.7,1.70 - 1.99,G,VS2,EX,EX,EX,None,GIA,None,None,8900,15130,-34,5874,9986,113,3,11,2,1,3
Round | 1.70 - 1.99 | G | VS2,14732261,1517408300,41053-62,Round,1.7,1.70 - 1.99,G,VS2,EX,EX,EX,None,GIA,None,None,8900,15130,-35,5786,9836,69,2,11,2,1,3
Round | 1.50 - 1.69 | F | VS2,14968376,6511656322,41138-1,Round,1.5,1.50 - 1.69,F,VS2,EX,EX,EX,None,GIA,None,None,10300,15450,-39,6284,9426,34,19,26,2,3,5
Round | 1.20 - 1.49 | F | VVS1,15084417,6512769377,41137-121,Round,1.3,1.20 - 1.49,F,VVS1,EX,EX,EX,None,GIA,None,None,9700,12610,-26,7178,9332,27,12,19,1,0,2
Round | 1.50 - 1.69 | H | IF,14812679,5516567559,41094-12,Round,1.5,1.50 - 1.69,H,IF,EX,EX,EX,None,GIA,None,None,10800,16200,-44,6048,9072,55,3,19,1,0,0
Round | 1.50 - 1.69 | D | VS2,14968371,6511619501,41107-22,Round,1.5,1.50 - 1.69,D,VS2,EX,EX,EX,Faint,GIA,None,None,12000,18000,-50,6000,9000,34,2,23,3,0,1
Round | 1.00 - 1.19 | D | VVS1,15178300,3515832468,41137-194,Round,1.15,1.00 - 1.19,D,VVS1,EX,EX,EX,None,GIA,None,None,12800,14720,-40,7681,8833,13,8,11,3,0,0
Round | 1.50 - 1.69 | F | VS2,15084415,2516571706,41108-34,Round,1.5,1.50 - 1.69,F,VS2,EX,EX,EX,None,GIA,None,None,10300,15450,-43,5872,8808,27,9,26,2,3,5
Round | 1.00 - 1.19 | D | VVS1,14968364,1513722362,41137-69,Round,1.15,1.00 - 1.19,D,VVS1,EX,EX,EX,None,GIA,None,None,12800,14720,-41,7552,8685,34,4,10,2,1,1
Round | 1.00 - 1.19 | D | IF,14968366,2516592630,41101-23,Round,1.08,1.00 - 1.19,D,IF,EX,EX,EX,Faint,GIA,None,None,16000,17280,-50,8001,8641,34,1,11,2,1,1
Round | 1.50 - 1.69 | F | VS1,14968363,1515611595,41108-37,Round,1.61,1.50 - 1.69,F,VS1,EX,EX,EX,Medium,GIA,Brown,None,11400,18354,-53,5358,8627,34,7,21,1,1,2
Round | 1.50 - 1.69 | H | VVS1,14968362,1518602840,41109-37,Round,1.62,1.50 - 1.69,H,VVS1,EX,EX,EX,Faint,GIA,None,None,10000,16200,-47,5300,8586,34,14,31,2,4,4
Round | 1.00 - 1.19 | D | VVS1,14812678,6512530819,41079-23,Round,1.15,1.00 - 1.19,D,VVS1,EX,EX,EX,None,GIA,None,None,12800,14720,-42,7425,8539,55,2,10,2,1,1
Round | 1.50 - 1.69 | G | VS2,15276355,7518214112,41020-43,Round,1.52,1.50 - 1.69,G,VS2,EX,EX,EX,None,GIA,None,None,8900,13528,-41,5251,7982,4,20,43,2,1,4
Round | 1.50 - 1.69 | E | VS2,14968352,6511615086,41112-13,Round,1.6,1.50 - 1.69,E,VS2,EX,EX,EX,Medium,GIA,None,None,11000,17600,-55,4951,7921,34,6,26,1,3,4
Round | 1.00 - 1.19 | E | IF,14968351,7513619485,41108-44,Round,1.09,1.00 - 1.19,E,IF,EX,EX,EX,None,GIA,None,None,12500,13625,-42,7251,7904,34,4,8,2,1,2
Round | 1.50 - 1.69 | G | VS2,15084411,7511728766,41129-88,Round,1.5,1.50 - 1.69,G,VS2,EX,EX,EX,None,GIA,Mix Tinge,None,8900,13350,-43,5074,7611,27,12,44,2,1,4
Round | 1.00 - 1.19 | E | VVS1,14968347,7516473743,41081-48,Round,1.09,1.00 - 1.19,E,VVS1,EX,EX,EX,None,GIA,None,None,11100,12099,-38,6883,7502,34,9,15,2,3,4
Round | 1.20 - 1.49 | D | VS1,15084403,2514722540,41137-55,Round,1.25,1.20 - 1.49,D,VS1,EX,EX,EX,None,GIA,None,None,8700,10875,-36,5568,6960,27,17,18,8,1,5
Round | 1.50 - 1.69 | H | VVS1,14968199,2517721188,41137-66,Round,1.51,1.50 - 1.69,H,VVS1,EX,EX,EX,Medium,GIA,None,None,10000,15100,-54,4600,6947,34,2,37,2,4,4
Round | 1.50 - 1.69 | H | VS2,15276354,1515268021,41037-103,Round,1.53,1.50 - 1.69,H,VS2,EX,EX,EX,None,GIA,None,None,7400,11322,-40,4440,6793,4,30,38,2,3,4
Round | 1.20 - 1.49 | E | VS1,14968197,1515625938,41127-9,Round,1.3,1.20 - 1.49,E,VS1,EX,EX,EX,None,GIA,None,None,7900,10270,-35,5136,6676,34,2,12,3,0,0
Round | 1.00 - 1.19 | D | VVS2,14968190,2514601544,41109-36,Round,1.09,1.00 - 1.19,D,VVS2,EX,EX,EX,None,GIA,None,None,10200,11118,-41,6019,6560,34,3,8,1,3,3
Round | 1.20 - 1.49 | D | VS1,14968191,7518485641,41084-15,Round,1.21,1.20 - 1.49,D,VS1,EX,EX,EX,None,GIA,None,None,8700,10527,-38,5395,6528,34,13,18,8,1,5
Round | 1.20 - 1.49 | E | VS1,12759771,5493336679,31098-169,Round,1.31,1.20 - 1.49,E,VS1,EX,EX,EX,None,GIA,None,None,7900,10349,-37,4978,6521,351,1,12,3,0,0
Round | 1.20 - 1.49 | F | VVS2,14812666,6511571926,41124-9,Round,1.22,1.20 - 1.49,F,VVS2,EX,EX,EX,None,GIA,None,None,8400,10248,-38,5209,6354,55,2,13,1,1,2
Round | 1.00 - 1.19 | E | IF,14767666,7518473475,41060-87,Round,1.07,1.00 - 1.19,E,IF,EX,EX,EX,Faint,GIA,None,None,12500,13375,-53,5875,6286,62,2,10,2,1,2
Round | 1.50 - 1.69 | H | VS2,14968184,1518562391,41108-21,Round,1.6,1.50 - 1.69,H,VS2,EX,EX,EX,Faint,GIA,None,None,7400,11840,-47,3922,6275,34,14,38,2,3,4
Round | 1.20 - 1.49 | D | VS1,14577710,7511309762,41046-12,Round,1.2,1.20 - 1.49,D,VS1,EX,EX,EX,None,GIA,None,None,8700,10440,-40,5220,6264,91,9,18,8,1,5
Round | 1.20 - 1.49 | D | VS1,14767667,1515485697,41081-63,Round,1.2,1.20 - 1.49,D,VS1,EX,EX,EX,None,GIA,None,None,8700,10440,-40,5220,6264,62,9,18,8,1,5
Round | 1.20 - 1.49 | G | VVS2,14812667,1518542830,41094-5,Round,1.3,1.20 - 1.49,G,VVS2,EX,EX,EX,None,GIA,None,None,7000,9100,-32,4760,6188,55,1,3,1,1,2
Round | 1.00 - 1.19 | D | VVS2,14968182,2514728978,41137-72,Round,1.01,1.00 - 1.19,D,VVS2,EX,EX,EX,None,GIA,None,None,10200,10302,-41,6018,6078,34,10,38,3,5,12
Round | 1.20 - 1.49 | D | VS1,12509910,3475900041,22034-48,Round,1.2,1.20 - 1.49,D,VS1,EX,EX,EX,None,GIA,None,None,8700,10440,-42,5046,6055,380,4,18,8,1,5
Round | 1.20 - 1.49 | D | VS1,14541693,2516242478,41037-75,Round,1.2,1.20 - 1.49,D,VS1,EX,EX,EX,None,GIA,None,None,8700,10440,-42,5046,6055,99,4,18,8,1,5
Round | 1.00 - 1.19 | F | VVS1,14900049,1519619519,41119-18,Round,1.01,1.00 - 1.19,F,VVS1,EX,EX,EX,None,GIA,None,None,9700,9797,-39,5917,5976,42,25,68,1,3,8
Round | 1.20 - 1.49 | D | VS1,12438882,1498004024,31068-119,Round,1.2,1.20 - 1.49,D,VS1,EX,EX,EX,None,GIA,None,None,8700,10440,-43,4960,5951,387,1,18,8,1,5
Round | 1.00 - 1.19 | E | VVS2,15084103,5516729015,41137-74,Round,1.09,1.00 - 1.19,E,VVS2,EX,EX,EX,None,GIA,None,None,9300,10137,-42,5394,5879,27,12,14,1,5,5
Round | 1.20 - 1.49 | E | VS1,15276357,2517773650,41137-149,Round,1.2,1.20 - 1.49,E,VS1,EX,EX,EX,None,GIA,None,None,7900,9480,-38,4899,5878,4,7,16,2,1,1
Round | 1.20 - 1.49 | E | VS1,14732043,7518401879,41062-19,Round,1.25,1.20 - 1.49,E,VS1,EX,EX,EX,None,GIA,None,None,7900,9875,-41,4661,5827,69,4,16,2,1,1
Round | 1.20 - 1.49 | E | VS2,14900044,6512610999,41108-40,Round,1.3,1.20 - 1.49,E,VS2,EX,EX,EX,None,GIA,None,None,6600,8580,-33,4423,5750,42,3,7,1,1,1
Round | 1.20 - 1.49 | F | VS1,14900039,6512601690,41111-23,Round,1.3,1.20 - 1.49,F,VS1,EX,EX,EX,Faint,GIA,Mix Tinge,None,7200,9360,-40,4321,5617,42,2,17,1,1,1
Round | 1.00 - 1.19 | D | VVS1,15084098,7512722420,41124-128,Round,1,1.00 - 1.19,D,VVS1,EX,EX,EX,Medium,GIA,None,None,12800,12800,-57,5505,5505,27,10,78,2,4,10
Round | 1.20 - 1.49 | F | VVS1,14900034,7518619466,41112-16,Round,1.2,1.20 - 1.49,F,VVS1,EX,EX,EX,Strong,GIA,None,None,9700,11640,-53,4559,5471,42,1,27,1,1,3
Round | 1.00 - 1.19 | F | IF,15084096,6512769380,41137-137,Round,1.16,1.00 - 1.19,F,IF,EX,EX,EX,Medium,GIA,None,None,10700,12412,-56,4708,5461,27,4,11,1,0,0
Round | 1.20 - 1.49 | D | VS1,14900032,1519626033,41122-9,Round,1.22,1.20 - 1.49,D,VS1,EX,EX,EX,Faint,GIA,None,None,8700,10614,-49,4438,5414,42,2,23,8,1,5
Round | 1.20 - 1.49 | E | VS1,14732035,2514262982,41041-6,Round,1.2,1.20 - 1.49,E,VS1,EX,EX,EX,None,GIA,None,None,7900,9480,-43,4504,5405,68,2,17,3,0,0
Round | 1.20 - 1.49 | F | VS2,14900029,6511601658,41124-22,Round,1.3,1.20 - 1.49,F,VS2,EX,EX,EX,None,GIA,None,None,6000,7800,-31,4140,5382,42,1,7,1,0,1
Round | 1.20 - 1.49 | E | VS1,14767656,1519485410,41082-42,Round,1.3,1.20 - 1.49,E,VS1,EX,EX,EX,Strong,GIA,None,None,7900,10270,-48,4108,5341,62,3,25,3,0,0
Round | 1.00 - 1.19 | D | VS1,14900026,1513619301,41092-28,Round,1,1.00 - 1.19,D,VS1,EX,EX,EX,None,GIA,None,None,8700,8700,-39,5308,5308,42,19,29,5,45,56
Round | 1.00 - 1.19 | F | VVS2,14968171,1519715543,41132-14,Round,1.02,1.00 - 1.19,F,VVS2,EX,EX,EX,None,GIA,None,None,8400,8568,-40,5041,5142,34,35,53,3,5,16
Round | 1.00 - 1.19 | D | VS1,14900019,2514577898,41081-109,Round,1,1.00 - 1.19,D,VS1,EX,EX,EX,None,GIA,None,None,8700,8700,-41,5134,5134,42,10,29,5,45,56
Round | 1.00 - 1.19 | F | VVS2,14900017,7516619492,41109-40,Round,1,1.00 - 1.19,F,VVS2,EX,EX,EX,None,GIA,None,None,8400,8400,-42,4872,4872,42,11,53,3,5,16
Round | 1.20 - 1.49 | E | VS2,12438761,7498010323,31074-65,Round,1.25,1.20 - 1.49,E,VS2,EX,EX,EX,None,GIA,None,None,6600,8250,-42,3828,4785,386,8,21,2,2,2
Round | 1.20 - 1.49 | G | VS2,15276356,6511838968,41154-3,Round,1.3,1.20 - 1.49,G,VS2,EX,EX,EX,None,GIA,None,None,5400,7020,-32,3673,4774,4,11,25,5,2,5
Round | 1.00 - 1.19 | F | VS1,14900015,2516572104,41111-17,Round,1.09,1.00 - 1.19,F,VS1,EX,EX,EX,None,GIA,None,None,7200,7848,-40,4321,4710,42,25,26,2,2,5
Round | 1.20 - 1.49 | G | VS2,15084084,6511757134,41147-4,Round,1.3,1.20 - 1.49,G,VS2,EX,EX,EX,None,GIA,None,None,5400,7020,-33,3618,4704,27,8,25,5,2,5
Round | 1.00 - 1.19 | E | VVS1,14767499,2516507061,41090-28,Round,1.08,1.00 - 1.19,E,VVS1,EX,EX,EX,Strong,GIA,None,None,11100,11988,-61,4329,4675,62,2,31,2,3,4
Round | 1.20 - 1.49 | G | VS2,13272454,5493827900,U-1783,Round,1.31,1.20 - 1.49,G,VS2,EX,EX,EX,None,GIA,None,None,5400,7074,-34,3564,4669,295,6,25,5,2,5
Round | 1.00 - 1.19 | F | VS1,14812655,2517555844,41108-18,Round,1.08,1.00 - 1.19,F,VS1,EX,EX,EX,None,GIA,None,None,7200,7776,-40,4321,4666,55,24,26,2,2,5
Round | 1.20 - 1.49 | E | VS2,14368670,6512011319,41012-37,Round,1.21,1.20 - 1.49,E,VS2,EX,EX,EX,None,GIA,None,None,6600,7986,-42,3829,4633,127,5,23,1,2,3
Round | 1.00 - 1.19 | E | VS1,14900013,7516592653,41094-16,Round,1.01,1.00 - 1.19,E,VS1,EX,EX,EX,None,GIA,None,None,7900,7979,-42,4583,4629,42,75,101,9,37,47
Round | 1.00 - 1.19 | D | VS1,15083854,6511715554,41137-41,Round,1.06,1.00 - 1.19,D,VS1,EX,EX,EX,Faint,GIA,None,None,8700,9222,-50,4351,4612,27,4,11,1,0,0
Round | 1.00 - 1.19 | D | VVS2,14900009,6515625783,41128-30,Round,1.13,1.00 - 1.19,D,VVS2,EX,EX,EX,Strong,GIA,None,None,10200,11526,-60,4080,4611,42,4,19,1,0,1
Round | 1.20 - 1.49 | F | VS2,14900007,1513453195,41081-23,Round,1.2,1.20 - 1.49,F,VS2,EX,EX,EX,None,GIA,None,None,6000,7200,-36,3841,4609,42,11,34,1,2,3
Round | 1.00 - 1.19 | E | VVS2,15083853,2517656680,41129-42,Round,1.03,1.00 - 1.19,E,VVS2,EX,EX,EX,Faint,GIA,None,None,9300,9579,-52,4464,4598,27,14,59,2,8,15
Round | 1.00 - 1.19 | F | VS1,14900012,2516601641,41099-58,Round,1.16,1.00 - 1.19,F,VS1,EX,EX,EX,None,GIA,Brown,None,7200,8352,-45,3960,4594,42,6,25,1,1,1
Round | 1.00 - 1.19 | E | VS1,14967994,6512715147,41137-20,Round,1,1.00 - 1.19,E,VS1,EX,EX,EX,None,GIA,None,None,7900,7900,-42,4582,4582,34,70,101,9,37,47
Round | 1.00 - 1.19 | D | VS2,14967993,6515679719,41129-63,Round,1.08,1.00 - 1.19,D,VS2,EX,EX,EX,None,GIA,None,None,7300,7884,-42,4235,4573,34,18,23,6,0,3
Round | 1.20 - 1.49 | G | VS2,14900004,7513610995,41128-18,Round,1.31,1.20 - 1.49,G,VS2,EX,EX,EX,None,GIA,None,None,5400,7074,-36,3456,4528,42,3,25,5,2,5
Round | 1.00 - 1.19 | E | VS1,14731823,5516473774,41090-6,Round,1.01,1.00 - 1.19,E,VS1,EX,EX,EX,None,GIA,None,None,7900,7979,-44,4424,4468,69,55,101,9,37,47
Round | 1.00 - 1.19 | E | VS1,14812649,2514543009,41108-9,Round,1.01,1.00 - 1.19,E,VS1,EX,EX,EX,None,GIA,None,None,7900,7979,-44,4424,4468,55,55,101,9,37,47
Round | 1.00 - 1.19 | E | VS1,14541673,7511223686,41037-29,Round,1.08,1.00 - 1.19,E,VS1,EX,EX,EX,None,GIA,None,None,7900,8532,-48,4109,4438,99,2,17,2,3,3
Round | 1.00 - 1.19 | E | VVS2,14899999,1515571591,41112-7,Round,1.01,1.00 - 1.19,E,VVS2,EX,EX,EX,Faint,GIA,None,None,9300,9393,-53,4372,4416,42,7,59,2,8,15
Round | 1.00 - 1.19 | D | VS2,14731820,5513445952,41099-1,Round,1.06,1.00 - 1.19,D,VS2,EX,EX,EX,None,GIA,None,None,7300,7738,-43,4162,4412,69,15,23,6,0,3
Round | 1.00 - 1.19 | G | VVS1,14899788,5516626082,41108-53,Round,1.09,1.00 - 1.19,G,VVS1,EX,EX,EX,Faint,GIA,None,None,7700,8393,-48,4004,4364,42,2,17,1,1,2
Round | 1.00 - 1.19 | E | VS1,12895001,6491495083,31117-106,Round,1,1.00 - 1.19,E,VS1,EX,EX,EX,None,GIA,None,None,7900,7900,-45,4346,4346,338,28,101,9,37,47
Round | 1.00 - 1.19 | E | VS1,14767493,7518507054,41090-31,Round,1,1.00 - 1.19,E,VS1,EX,EX,EX,None,GIA,None,None,7900,7900,-45,4346,4346,62,28,101,9,37,47
Round | 1.00 - 1.19 | F | VS1,14812645,5516568099,41109-12,Round,1.02,1.00 - 1.19,F,VS1,EX,EX,EX,None,GIA,None,None,7200,7344,-41,4249,4334,55,67,93,8,18,31
Round | 1.00 - 1.19 | F | VS1,14967992,6512572114,41112-8,Round,1.01,1.00 - 1.19,F,VS1,EX,EX,EX,None,GIA,None,None,7200,7272,-41,4248,4290,34,59,93,8,18,31
Round | 1.00 - 1.19 | D | VS2,14899791,6515610989,41082-95,Round,1.01,1.00 - 1.19,D,VS2,EX,EX,EX,None,GIA,None,None,7300,7373,-42,4234,4276,42,43,56,5,56,67
Round | 1.00 - 1.19 | G | VVS2,14767488,2516507097,41114-2,Round,1.09,1.00 - 1.19,G,VVS2,EX,EX,EX,None,GIA,None,None,7000,7630,-44,3920,4273,62,7,20,2,3,6
Round | 1.00 - 1.19 | F | VS1,14767487,7516485815,41107-3,Round,1.02,1.00 - 1.19,F,VS1,EX,EX,EX,None,GIA,None,None,7200,7344,-42,4177,4260,62,54,93,8,18,31
Round | 1.00 - 1.19 | D | VS2,15083843,7512722423,41128-50,Round,1.02,1.00 - 1.19,D,VS2,EX,EX,EX,None,GIA,None,None,7300,7446,-43,4161,4245,27,39,56,5,56,67
Round | 1.00 - 1.19 | F | VVS2,14731816,1515424045,41062-22,Round,1.05,1.00 - 1.19,F,VVS2,EX,EX,EX,Faint,GIA,None,None,8400,8820,-52,4033,4235,69,1,18,1,1,3
Round | 1.00 - 1.19 | E | VS1,14608310,2517356555,41040-71,Round,1.01,1.00 - 1.19,E,VS1,EX,EX,EX,None,GIA,None,None,7900,7979,-47,4188,4230,86,9,101,9,37,47
Round | 1.00 - 1.19 | G | VVS2,14967985,6512715160,41137-21,Round,1.01,1.00 - 1.19,G,VVS2,EX,EX,EX,None,GIA,None,None,7000,7070,-41,4130,4171,34,38,86,2,12,15
Round | 1.20 - 1.49 | G | VVS1,14967990,2518715499,41137-22,Round,1.2,1.20 - 1.49,G,VVS1,EX,EX,EX,Strong,GIA,None,None,7700,9240,-55,3465,4158,34,2,24,1,1,3
Round | 1.00 - 1.19 | E | VS1,14899787,7516485684,41090-19,Round,1.06,1.00 - 1.19,E,VS1,EX,EX,EX,Faint,GIA,None,None,7900,8374,-51,3872,4104,42,5,24,2,3,3
Round | 1.00 - 1.19 | D | VS2,14577693,6512294612,41037-170,Round,1,1.00 - 1.19,D,VS2,EX,EX,EX,None,GIA,None,None,7300,7300,-44,4088,4088,91,32,56,5,56,67
Round | 1.00 - 1.19 | F | VS1,14577691,5516294589,41037-164,Round,1.01,1.00 - 1.19,F,VS1,EX,EX,EX,None,GIA,None,None,7200,7272,-44,4032,4072,91,13,93,8,18,31
Round | 1.00 - 1.19 | F | VS1,14731811,2517431350,41078-13,Round,1.01,1.00 - 1.19,F,VS1,EX,EX,EX,None,GIA,None,None,7200,7272,-44,4032,4072,69,13,93,8,18,31
Round | 1.00 - 1.19 | D | VS2,13074239,5496641957,31138-64,Round,1.09,1.00 - 1.19,D,VS2,EX,EX,EX,None,GIA,None,None,7300,7957,-49,3723,4058,317,7,23,6,0,3
Round | 1.00 - 1.19 | E | VS2,14967986,6512715512,41137-29,Round,1.09,1.00 - 1.19,E,VS2,EX,EX,EX,None,GIA,None,None,6600,7194,-44,3697,4030,34,15,17,2,2,4
Round | 1.00 - 1.19 | E | VS2,15276358,2516748926,41137-95,Round,1.01,1.00 - 1.19,E,VS2,EX,EX,EX,None,GIA,None,None,6600,6666,-41,3895,3934,4,102,114,8,34,45
Round | 1.20 - 1.49 | G | VS2,15177974,2517645130,41122-12,Round,1.3,1.20 - 1.49,G,VS2,EX,EX,EX,Medium,GIA,None,None,5400,7020,-44,3024,3932,14,1,26,5,2,5
Round | 1.00 - 1.19 | E | VS2,12894971,1495295450,31098-136,Round,1.1,1.00 - 1.19,E,VS2,EX,EX,EX,None,GIA,None,None,6600,7260,-47,3499,3849,338,5,17,1,2,2
Round | 1.00 - 1.19 | D | VS2,14967977,6511723116,41137-61,Round,1.09,1.00 - 1.19,D,VS2,EX,EX,EX,Faint,GIA,None,None,7300,7957,-52,3504,3820,34,3,23,6,0,3
Round | 1.00 - 1.19 | E | VS2,14899780,2516619552,41127-7,Round,1.01,1.00 - 1.19,E,VS2,EX,EX,EX,None,GIA,None,None,6600,6666,-43,3762,3800,42,88,114,8,34,45
Round | 1.00 - 1.19 | E | VS2,14899779,3515542989,41109-2,Round,1.01,1.00 - 1.19,E,VS2,EX,EX,EX,None,GIA,None,None,6600,6666,-43,3762,3800,42,88,114,8,34,45
Round | 1.20 - 1.49 | G | VS1,14767413,2517485606,41090-18,Round,1.2,1.20 - 1.49,G,VS1,EX,EX,EX,Faint,GIA,None,None,6200,7440,-49,3162,3794,62,1,36,1,4,9
Round | 1.20 - 1.49 | H | VS2,12840573,7493260209,U-1784,Round,1.29,1.20 - 1.49,H,VS2,EX,EX,EX,None,GIA,None,None,4800,6192,-39,2928,3777,344,62,70,6,10,14
Round | 1.20 - 1.49 | H | VS1,15083628,6515787497,41139-7,Round,1.2,1.20 - 1.49,H,VS1,EX,EX,EX,None,GIA,None,None,5200,6240,-40,3120,3745,27,19,44,7,5,7
Round | 1.00 - 1.19 | E | VS2,14899776,1513656772,41132-7,Round,1.01,1.00 - 1.19,E,VS2,EX,EX,EX,None,GIA,None,None,6600,6666,-44,3697,3734,42,66,114,8,34,45
Round | 1.00 - 1.19 | H | IF,14812629,6512497663,41081-66,Round,1.07,1.00 - 1.19,H,IF,EX,EX,EX,None,GIA,None,None,6100,6527,-43,3477,3721,55,11,18,1,2,3
Round | 1.20 - 1.49 | H | VVS1,15083627,6515787496,41128-67,Round,1.23,1.20 - 1.49,H,VVS1,EX,EX,EX,Faint,GIA,Brown,None,5800,7134,-48,3017,3711,27,1,25,1,1,1
Round | 1.00 - 1.19 | F | VS1,15083625,7518748938,41129-91,Round,1,1.00 - 1.19,F,VS1,EX,EX,EX,Faint,GIA,None,None,7200,7200,-49,3672,3672,27,3,107,8,18,31
Round | 1.00 - 1.19 | E | VS2,14218314,6501813339,31224-19,Round,1.09,1.00 - 1.19,E,VS2,EX,EX,EX,None,GIA,None,None,6600,7194,-49,3366,3669,156,5,17,2,2,4
Round | 1.20 - 1.49 | H | VS2,14148940,6505755189,U-1785,Round,1.27,1.20 - 1.49,H,VS2,EX,EX,EX,None,GIA,None,None,4800,6096,-40,2881,3658,170,57,70,6,10,14
Round | 1.20 - 1.49 | H | VS1,13074195,5496669963,31140-23,Round,1.21,1.20 - 1.49,H,VS1,EX,EX,EX,None,GIA,None,None,5200,6292,-42,3016,3650,317,12,44,7,5,7
Round | 1.20 - 1.49 | H | VS1,13160553,1495740667,31143-9,Round,1.21,1.20 - 1.49,H,VS1,EX,EX,EX,None,GIA,None,None,5200,6292,-42,3016,3650,310,12,44,7,5,7
Round | 1.20 - 1.49 | H | VS1,12894961,1495359344,31100-137,Round,1.23,1.20 - 1.49,H,VS1,EX,EX,EX,None,GIA,None,None,5200,6396,-43,2965,3647,338,8,44,7,5,7
Round | 1.20 - 1.49 | H | VS1,13216660,6491799372,31143-52,Round,1.23,1.20 - 1.49,H,VS1,EX,EX,EX,None,GIA,None,None,5200,6396,-43,2965,3647,302,8,44,7,5,7
Round | 1.00 - 1.19 | G | VS1,14899772,6515458005,41100-1,Round,1.01,1.00 - 1.19,G,VS1,EX,EX,EX,None,GIA,None,None,6200,6262,-42,3597,3633,42,50,145,4,51,56
Round | 1.00 - 1.19 | E | VS2,14731759,5513424077,41081-6,Round,1.01,1.00 - 1.19,E,VS2,EX,EX,EX,None,GIA,None,None,6600,6666,-46,3564,3600,69,42,114,8,34,45
Round | 1.00 - 1.19 | E | VS2,12840568,1499406049,31098-207,Round,1,1.00 - 1.19,E,VS2,EX,EX,EX,None,GIA,None,None,6600,6600,-46,3564,3564,344,36,114,8,34,45
Round | 1.20 - 1.49 | H | VS2,13074187,6491602728,31130-144,Round,1.3,1.20 - 1.49,H,VS2,EX,EX,EX,None,GIA,None,Light,4800,6240,-43,2736,3557,317,2,23,1,1,8
Round | 1.00 - 1.19 | E | VS2,12894942,2496474857,31116-6,Round,1.03,1.00 - 1.19,E,VS2,EX,EX,EX,None,GIA,None,None,6600,6798,-48,3433,3536,338,35,114,8,34,45
Round | 1.00 - 1.19 | F | VS2,12486446,6492057534,31069-151,Round,1.09,1.00 - 1.19,F,VS2,EX,EX,EX,None,GIA,None,None,6000,6540,-46,3241,3533,382,18,51,2,4,5
Round | 1.00 - 1.19 | F | VS2,14812627,5516555790,41124-3,Round,1.01,1.00 - 1.19,F,VS2,EX,EX,EX,None,GIA,None,None,6000,6060,-42,3481,3516,54,68,94,3,55,68
Round | 1.00 - 1.19 | E | VS2,14577679,6515309797,41041-18,Round,1,1.00 - 1.19,E,VS2,EX,EX,EX,None,GIA,None,None,6600,6600,-47,3498,3498,91,28,114,8,34,45
Round | 1.00 - 1.19 | F | VS2,14731793,2516437214,41089-4,Round,1.06,1.00 - 1.19,F,VS2,EX,EX,EX,None,GIA,None,None,6000,6360,-45,3300,3498,69,13,51,2,4,5
Round | 1.00 - 1.19 | H | VVS1,15083620,6512722424,41137-65,Round,1.02,1.00 - 1.19,H,VVS1,EX,EX,EX,None,GIA,None,None,5800,5916,-41,3422,3490,27,36,81,2,5,9
Round | 1.00 - 1.19 | D | VS2,14812623,6515567607,41094-10,Round,1.01,1.00 - 1.19,D,VS2,EX,EX,EX,Faint,GIA,None,None,7300,7373,-53,3431,3465,55,6,56,5,56,67
Round | 1.20 - 1.49 | H | VS1,12313502,1488837865,31068-5,Round,1.2,1.20 - 1.49,H,VS1,EX,EX,EX,None,GIA,None,None,5200,6240,-45,2861,3433,406,2,44,7,5,7
Round | 1.20 - 1.49 | H | VS1,13160547,3495721053,31140-136,Round,1.2,1.20 - 1.49,H,VS1,EX,EX,EX,None,GIA,None,None,5200,6240,-45,2861,3433,310,2,44,7,5,7
Round | 1.20 - 1.49 | H | VS1,12438879,1488909799,31068-24,Round,1.2,1.20 - 1.49,H,VS1,EX,EX,EX,None,GIA,None,None,5200,6240,-45,2861,3433,386,3,44,8,5,6
Round | 1.00 - 1.19 | F | VS2,14899510,3515619587,41110-23,Round,1,1.00 - 1.19,F,VS2,EX,EX,EX,None,GIA,None,None,6000,6000,-43,3421,3421,42,53,108,2,56,69
Round | 1.00 - 1.19 | G | VS2,15083612,6515748988,41137-86,Round,1.05,1.00 - 1.19,G,VS2,EX,EX,EX,None,GIA,None,None,5400,5670,-41,3186,3346,27,39,43,2,10,15
Round | 1.20 - 1.49 | H | VS2,12699074,7491274003,31092-167,Round,1.26,1.20 - 1.49,H,VS2,EX,EX,EX,None,GIA,None,Light,4800,6048,-45,2640,3327,359,20,73,6,10,14
Round | 1.00 - 1.19 | D | VS2,14812616,3515555769,41128-1,Round,1.09,1.00 - 1.19,D,VS2,EX,EX,EX,Medium,GIA,None,None,7300,7957,-59,2993,3262,55,4,31,6,0,3
Round | 1.20 - 1.49 | H | VS2,12840562,6495391547,31117-19,Round,1.23,1.20 - 1.49,H,VS2,EX,EX,EX,None,GIA,None,Light,4800,5904,-45,2640,3248,344,9,73,6,10,14
Round | 1.20 - 1.49 | H | VS2,12438880,7492009589,31069-89,Round,1.2,1.20 - 1.49,H,VS2,EX,EX,EX,None,GIA,None,None,4800,5760,-44,2689,3227,387,8,70,6,10,14
Round | 1.00 - 1.19 | G | VS2,15083412,6512715591,41137-35,Round,1.01,1.00 - 1.19,G,VS2,EX,EX,EX,None,GIA,None,None,5400,5454,-41,3187,3219,27,115,134,3,54,79
Round | 1.00 - 1.19 | G | VVS1,14812617,1519497681,41099-13,Round,1.01,1.00 - 1.19,G,VVS1,EX,EX,EX,Strong,GIA,None,None,7700,7777,-59,3158,3189,55,2,51,2,1,4
Round | 1.00 - 1.19 | D | VS2,14967690,7511716420,41124-101,Round,1.09,1.00 - 1.19,D,VS2,EX,EX,EX,Strong,GIA,None,None,7300,7957,-60,2920,3183,34,3,31,6,0,3
Round | 1.00 - 1.19 | G | VS2,14899503,1515601651,41114-12,Round,1.09,1.00 - 1.19,G,VS2,EX,EX,EX,None,GIA,None,None,5400,5886,-46,2916,3178,42,19,43,2,10,15
Round | 1.00 - 1.19 | D | VS2,13696082,6502217844,31177-29,Round,1,1.00 - 1.19,D,VS2,EX,EX,EX,Faint,GIA,None,None,7300,7300,-57,3140,3140,239,1,53,6,55,66
Round | 1.00 - 1.19 | G | VS1,14899496,7516572016,41129-1,Round,1,1.00 - 1.19,G,VS1,EX,EX,EX,Faint,GIA,None,None,6200,6200,-50,3100,3100,42,6,131,4,51,56
Round | 1.00 - 1.19 | G | VS2,13272419,1498814528,31142-170,Round,1.09,1.00 - 1.19,G,VS2,EX,EX,EX,None,GIA,None,None,5400,5886,-48,2809,3061,294,5,42,3,9,14
Round | 1.20 - 1.49 | H | VS2,14148927,6501754247,31214-31,Round,1.2,1.20 - 1.49,H,VS2,EX,EX,EX,None,GIA,None,None,4800,5760,-47,2545,3053,170,3,70,6,10,14
Round | 1.00 - 1.19 | H | VS1,14899494,7513626023,41119-24,Round,1.01,1.00 - 1.19,H,VS1,EX,EX,EX,None,GIA,None,None,5200,5252,-42,3016,3047,42,113,171,5,34,58
Round | 1.00 - 1.19 | G | VS2,14899492,6512572188,41111-12,Round,1,1.00 - 1.19,G,VS2,EX,EX,EX,None,GIA,None,None,5400,5400,-44,3025,3025,42,36,134,3,54,79
Round | 1.00 - 1.19 | G | VS2,14967412,7516715133,41137-19,Round,1,1.00 - 1.19,G,VS2,EX,EX,EX,None,GIA,None,None,5400,5400,-44,3025,3025,34,36,134,3,54,79
Round | 1.00 - 1.19 | F | VS2,14767156,3515507088,41089-18,Round,1,1.00 - 1.19,F,VS2,EX,EX,EX,Faint,GIA,None,None,6000,6000,-50,3000,3000,62,6,108,2,56,69
Round | 1.00 - 1.19 | H | VS1,14218304,6505914751,31241-10,Round,1.06,1.00 - 1.19,H,VS1,EX,EX,EX,None,GIA,None,None,5200,5512,-46,2808,2976,156,16,63,3,15,21
Round | 1.00 - 1.19 | G | VVS2,14899488,2516592620,41110-18,Round,1.01,1.00 - 1.19,G,VVS2,EX,EX,EX,Strong,GIA,None,None,7000,7070,-58,2940,2969,42,2,123,2,12,15
Round | 1.00 - 1.19 | G | VVS2,14899489,2516625920,41124-63,Round,1.06,1.00 - 1.19,G,VVS2,EX,EX,EX,Very Strong,GIA,None,None,7000,7420,-60,2800,2968,42,1,25,2,3,6
Round | 1.00 - 1.19 | H | VS1,12894920,2494303190,31098-143,Round,1.09,1.00 - 1.19,H,VS1,EX,EX,EX,None,GIA,None,None,5200,5668,-48,2704,2948,338,11,63,3,15,21
Round | 1.00 - 1.19 | H | VS1,12565356,3495165583,31093-35,Round,1.07,1.00 - 1.19,H,VS1,EX,EX,EX,None,GIA,None,None,5200,5564,-48,2704,2893,373,6,63,3,15,21
Round | 1.00 - 1.19 | H | VS1,14812553,7518507172,41114-4,Round,1.03,1.00 - 1.19,H,VS1,EX,EX,EX,None,GIA,None,None,5200,5356,-46,2808,2892,55,32,171,5,34,58
Round | 1.00 - 1.19 | H | VS1,14967403,1518572143,41111-16,Round,1.01,1.00 - 1.19,H,VS1,EX,EX,EX,None,GIA,None,None,5200,5252,-45,2861,2889,34,30,171,5,34,58
Round | 1.00 - 1.19 | H | VS2,14967402,2516728985,41147-2,Round,1.07,1.00 - 1.19,H,VS2,EX,EX,EX,None,GIA,None,None,4800,5136,-44,2688,2876,34,45,65,6,3,6
Round | 1.00 - 1.19 | H | VS2,15083397,6515769410,41147-7,Round,1.01,1.00 - 1.19,H,VS2,EX,EX,EX,None,GIA,None,None,4800,4848,-41,2832,2860,27,138,171,3,40,90
Round | 1.00 - 1.19 | H | VS2,14967398,2518645052,41119-35,Round,1.08,1.00 - 1.19,H,VS2,EX,EX,EX,None,GIA,None,None,4800,5184,-46,2592,2799,34,31,65,6,3,6
Round | 1.00 - 1.19 | H | VS2,12699174,1498273994,31094-111,Round,1.09,1.00 - 1.19,H,VS2,EX,EX,EX,None,GIA,None,None,4800,5232,-47,2544,2773,359,27,65,6,3,6
Round | 1.00 - 1.19 | H | VS2,14812545,6512555854,41108-16,Round,1.09,1.00 - 1.19,H,VS2,EX,EX,EX,None,GIA,None,None,4800,5232,-47,2544,2773,55,27,65,6,3,6
Round | 1.00 - 1.19 | H | VS2,12439308,3485975263,31074-27,Round,1.05,1.00 - 1.19,H,VS2,EX,EX,EX,None,GIA,None,None,4800,5040,-47,2544,2671,387,11,65,6,3,6
Round | 1.00 - 1.19 | H | VS2,12758507,2496302803,31109-3,Round,1.09,1.00 - 1.19,H,VS2,EX,EX,EX,None,GIA,None,None,4800,5232,-49,2448,2668,351,8,65,6,3,6
Round | 1.00 - 1.19 | H | VS2,14812441,1513542535,41108-14,Round,1.01,1.00 - 1.19,H,VS2,EX,EX,EX,None,GIA,None,None,4800,4848,-46,2593,2619,55,46,171,3,40,90
Round | 1.00 - 1.19 | H | VS1,14812430,6512521872,41089-3,Round,1.01,1.00 - 1.19,H,VS1,EX,EX,EX,Faint,GIA,Mix Tinge,None,5200,5252,-54,2393,2417,55,1,188,5,34,58
Round | 1.00 - 1.19 | H | VS1,14812298,2516555785,41122-1,Round,1,1.00 - 1.19,H,VS1,EX,EX,EX,Strong,GIA,None,None,5200,5200,-56,2288,2288,55,2,198,5,34,58
